mem_no,gender,ageband,join_date,addr
1000001,man,20,2019-01-22,Seoul
1000002,women,20,2019-02-12,Gyeonggi
1000003,women,30,2019-01-24,Gyeonggi
1000004,man,30,2019-02-14,Gangwon
1000005,man,30,2019-01-26,Busan
1000006,man,30,2019-02-16,Daejeon
1000007,women,30,2019-01-28,Jeju
1000008,man,40,2019-02-18,Jeju
1000009,women,40,2019-01-30,Daegu
1000010,women,40,2019-02-20,Gwangju
1000011,man,50,2019-02-01,Seoul
1000012,man,50,2019-02-22,Seoul
1000013,man,50,2019-02-03,Incheon
1000014,women,50,2019-02-24,Seoul
1000015,man,50,2019-02-05,Daegu
1000016,women,50,2019-02-06,Seoul
1000017,women,50,2019-02-07,Gyeonggi
1000018,man,50,2019-02-08,Gyeonggi
1000019,man,50,2019-02-09,Gangwon
1000020,man,50,2019-02-10,Busan
1000021,women,50,2019-02-11,Daejeon
1000022,man,40,2019-02-12,Jeju
1000023,women,40,2019-02-27,Jeju
1000024,women,40,2019-02-28,Daegu
1000025,man,40,2019-03-01,Gwangju
1000026,man,40,2019-03-02,Seoul
1000027,man,40,2019-03-03,Seoul
1000028,women,20,2019-03-04,Incheon
1000029,man,20,2019-03-19,Seoul
1000030,women,30,2019-03-20,Daegu
1000031,women,30,2019-03-21,Incheon
1000032,man,30,2019-03-22,Seoul
1000033,man,30,2019-03-23,Daegu
1000034,man,30,2019-03-24,Seoul
1000035,women,40,2019-04-08,Gyeonggi
1000036,man,40,2019-04-09,Gyeonggi
1000037,women,40,2019-04-10,Gangwon
1000038,women,50,2019-04-11,Seoul
1000039,man,50,2019-04-12,Gyeonggi
1000040,man,50,2019-04-13,Gyeonggi
1000041,man,50,2019-04-28,Gangwon
1000042,women,50,2019-04-29,Busan
1000043,man,50,2019-04-30,Daejeon
1000044,women,50,2019-05-01,Jeju
1000045,women,50,2019-05-02,Jeju
1000046,man,50,2019-05-03,Daegu
1000047,man,50,2019-05-18,Gwangju
1000048,man,50,2019-05-19,Seoul
1000049,women,40,2019-05-20,Seoul
1000050,man,40,2019-05-21,Incheon
1000051,women,40,2019-05-22,Seoul
1000052,women,40,2019-05-23,Daegu
1000053,man,40,2019-06-07,Seoul
1000054,man,40,2019-06-08,Gyeonggi
1000055,man,20,2019-06-09,Gyeonggi
1000056,women,20,2019-05-10,Gangwon
1000057,man,30,2019-04-10,Busan
1000058,women,30,2019-03-11,Daejeon
1000059,women,30,2019-02-09,Jeju
1000060,man,30,2019-01-10,Jeju
1000061,man,30,2019-01-15,Daegu
1000062,man,40,2019-01-20,Gwangju
1000063,women,40,2019-01-25,Seoul
1000064,man,40,2019-01-30,Seoul
1000065,women,50,2019-02-04,Incheon
1000066,women,50,2019-02-09,Seoul
1000067,man,50,2019-02-14,Daegu
1000068,man,50,2019-02-19,Incheon
1000069,man,50,2019-02-24,Seoul
1000070,women,50,2019-03-01,Daegu
1000071,man,50,2019-03-06,Seoul
1000072,women,50,2019-03-11,Gyeonggi
1000073,women,50,2019-03-16,Gyeonggi
1000074,man,50,2019-03-21,Gangwon
1000075,man,50,2019-03-26,Seoul
1000076,man,40,2019-03-31,Gyeonggi
1000077,women,40,2019-04-05,Gyeonggi
1000078,man,40,2019-04-10,Gangwon
1000079,women,40,2019-04-15,Busan
1000080,women,40,2019-04-20,Daejeon
1000081,man,40,2019-04-25,Jeju
1000082,man,20,2019-04-30,Jeju
1000083,man,20,2019-05-05,Daegu
1000084,women,30,2019-05-10,Gwangju
1000085,man,30,2019-05-15,Seoul
1000086,women,30,2019-05-20,Seoul
1000087,women,30,2019-05-25,Incheon
1000088,man,30,2019-05-30,Seoul
1000089,man,40,2019-06-04,Daegu
1000090,man,40,2019-06-09,Seoul
1000091,women,40,2019-06-14,Gyeonggi
1000092,man,50,2019-06-19,Gyeonggi
1000093,women,50,2019-06-24,Gangwon
1000094,women,50,2019-06-29,Busan
1000095,man,50,2019-07-04,Daejeon
1000096,man,50,2019-07-09,Jeju
1000097,man,50,2019-07-14,Jeju
1000098,women,50,2019-07-19,Daegu
1000099,man,50,2019-07-24,Gwangju
1000100,women,50,2019-07-29,Seoul
1000101,women,50,2019-08-03,Seoul
1000102,man,50,2019-08-08,Incheon
1000103,man,40,2019-08-13,Seoul
1000104,man,40,2019-08-18,Daegu
1000105,women,40,2019-08-23,Incheon
1000106,man,40,2019-08-28,Seoul
1000107,women,40,2019-09-02,Daegu
1000108,women,40,2019-09-07,Seoul
1000109,man,20,2019-09-12,Gyeonggi
1000110,man,20,2019-09-17,Gyeonggi
1000111,man,30,2019-09-22,Gangwon
1000112,women,30,2019-09-27,Seoul
1000113,man,30,2019-09-23,Gyeonggi
1000114,women,30,2019-09-19,Gyeonggi
1000115,women,30,2019-09-15,Gangwon
1000116,man,40,2019-09-11,Busan
1000117,man,40,2019-09-07,Daejeon
1000118,man,40,2019-09-03,Jeju
1000119,women,50,2019-08-30,Jeju
1000120,man,50,2019-08-26,Daegu
1000121,women,50,2019-08-22,Gwangju
1000122,women,50,2019-08-18,Seoul
1000123,man,50,2019-08-14,Seoul
1000124,man,50,2019-08-10,Incheon
1000125,man,50,2019-08-06,Seoul
1000126,women,50,2019-08-02,Daegu
1000127,man,50,2019-07-29,Seoul
1000128,women,50,2019-07-25,Gyeonggi
1000129,women,50,2019-07-21,Gyeonggi
1000130,man,40,2019-07-17,Gangwon
1000131,man,40,2019-07-13,Busan
1000132,man,40,2019-07-09,Daejeon
1000133,women,40,2019-07-05,Jeju
1000134,man,40,2019-07-01,Jeju
1000135,women,40,2019-06-27,Daegu
1000136,women,20,2019-06-23,Gwangju
1000137,man,20,2019-06-19,Seoul
1000138,man,30,2019-06-15,Seoul
1000139,man,30,2019-06-11,Incheon
1000140,women,30,2019-06-07,Seoul
1000141,man,30,2019-06-03,Daegu
1000142,women,30,2019-05-30,Incheon
1000143,women,40,2019-05-26,Seoul
1000144,man,40,2019-05-22,Daegu
1000145,man,40,2019-05-18,Seoul
1000146,man,50,2019-05-14,Gyeonggi
1000147,women,50,2019-05-10,Gyeonggi
1000148,man,50,2019-05-06,Gangwon
1000149,women,50,2019-05-02,Seoul
1000150,women,50,2019-04-28,Gyeonggi
1000151,man,50,2019-04-24,Gyeonggi
1000152,man,50,2019-04-20,Gangwon
1000153,man,50,2019-04-16,Busan
1000154,women,50,2019-04-12,Daejeon
1000155,man,50,2019-04-08,Jeju
1000156,women,50,2019-04-04,Jeju
1000157,women,40,2019-03-31,Daegu
1000158,man,40,2019-03-27,Gwangju
1000159,man,40,2019-03-23,Seoul
1000160,man,40,2019-03-19,Seoul
1000161,women,40,2019-03-15,Incheon
1000162,man,40,2019-03-11,Seoul
1000163,women,20,2019-03-07,Daegu
1000164,women,20,2019-03-03,Seoul
1000165,man,30,2019-02-27,Gyeonggi
1000166,man,30,2019-02-23,Gyeonggi
1000167,man,30,2019-02-19,Gangwon
1000168,women,30,2019-02-15,Busan
1000169,women,60,2019-07-25,Daejeon
1000170,women,60,2019-07-21,Jeju
1000171,man,60,2019-07-17,Jeju
1000172,man,60,2019-07-13,Daegu
1000173,man,60,2019-07-09,Gwangju
1000174,women,60,2019-07-05,Seoul
1000175,man,60,2019-07-01,Seoul
1000176,women,60,2019-06-27,Incheon
1000177,women,60,2019-06-23,Seoul
1000178,man,60,2019-06-19,Daegu
1000179,man,60,2019-06-15,Incheon
1000180,man,60,2019-06-11,Seoul
1000181,women,60,2019-06-07,Daegu
1000182,man,60,2019-06-03,Seoul
1000183,women,60,2019-05-30,Gyeonggi
1000184,women,60,2019-05-26,Gyeonggi
1000185,man,60,2019-05-22,Gangwon
1000186,man,60,2019-05-18,Seoul
1000187,man,60,2019-05-14,Gyeonggi
1000188,women,60,2019-05-10,Gyeonggi
1000189,man,60,2019-05-06,Gangwon
1000190,women,60,2019-05-02,Busan
1000191,women,60,2019-04-28,Daejeon
1000192,man,60,2019-04-24,Jeju
1000193,man,60,2019-04-20,Jeju
1000194,man,60,2019-04-16,Daegu
1000195,women,60,2019-04-12,Gwangju
1000196,man,60,2019-04-08,Seoul
1000197,women,60,2019-04-04,Seoul
1000198,women,60,2019-03-31,Incheon
1000199,man,60,2019-03-27,Seoul
1000200,man,60,2019-03-23,Daegu
1000201,man,60,2019-03-19,Seoul
1000202,women,60,2019-03-15,Gyeonggi
1000203,man,60,2019-03-11,Gyeonggi
1000204,women,60,2019-03-07,Gangwon
1000205,women,60,2019-03-03,Busan
1000206,man,60,2019-02-27,Daejeon
1000207,man,60,2019-02-23,Jeju
1000208,man,60,2019-02-19,Jeju
1000209,women,60,2019-02-15,Daegu
1000210,man,50,2019-07-24,Gwangju
1000211,women,50,2019-07-29,Seoul
1000212,women,50,2019-08-03,Seoul
1000213,man,50,2019-08-08,Incheon
1000214,man,40,2019-08-13,Seoul
1000215,man,40,2019-08-18,Daegu
1000216,women,40,2019-08-23,Incheon
1000217,man,40,2019-08-28,Seoul
1000218,women,40,2019-09-02,Daegu
1000219,women,40,2019-09-07,Seoul
1000220,man,20,2019-09-12,Gyeonggi
1000221,man,20,2019-09-17,Gyeonggi
1000222,man,30,2019-09-22,Gangwon
1000223,women,30,2019-09-27,Seoul
1000224,man,30,2019-09-23,Gyeonggi
1000225,women,30,2019-09-19,Gyeonggi
1000226,women,30,2019-09-15,Gangwon
1000227,man,40,2019-09-11,Busan
1000228,man,40,2019-09-07,Daejeon
1000229,man,40,2019-09-03,Jeju
1000230,women,50,2019-08-30,Jeju
1000231,man,50,2019-08-26,Daegu
1000232,women,50,2019-08-22,Gwangju
1000233,women,50,2019-08-18,Seoul
1000234,man,50,2019-08-14,Seoul
1000235,man,50,2019-08-10,Incheon
1000236,man,50,2019-08-06,Seoul
1000237,women,50,2019-08-02,Daegu
1000238,man,50,2019-07-29,Seoul
1000239,women,50,2019-07-25,Gyeonggi
1000240,women,50,2019-07-21,Gyeonggi
1000241,man,40,2019-07-17,Gangwon
1000242,man,40,2019-07-13,Busan
1000243,man,40,2019-07-09,Daejeon
1000244,women,40,2019-07-05,Jeju
1000245,man,40,2019-07-01,Jeju
1000246,women,40,2019-06-27,Daegu
1000247,women,20,2019-06-23,Gwangju
1000248,man,20,2019-06-19,Seoul
1000249,man,30,2019-06-15,Seoul
1000250,man,30,2019-06-11,Incheon
1000251,women,30,2019-06-07,Seoul
1000252,man,30,2019-06-03,Daegu
1000253,women,30,2019-05-30,Incheon
1000254,women,40,2019-05-26,Seoul
1000255,man,40,2019-05-22,Daegu
1000256,man,40,2019-05-18,Seoul
1000257,man,50,2019-05-14,Gyeonggi
1000258,women,50,2019-05-10,Gyeonggi
1000259,man,50,2019-05-06,Gangwon
1000260,women,50,2019-05-02,Seoul
1000261,women,50,2019-04-28,Gyeonggi
1000262,man,50,2019-04-24,Gyeonggi
1000263,man,50,2019-04-20,Gangwon
1000264,man,50,2019-04-16,Busan
1000265,women,50,2019-04-12,Daejeon
1000266,man,50,2019-04-08,Jeju
1000267,women,50,2019-04-04,Jeju
1000268,women,40,2019-03-31,Daegu
1000269,man,40,2019-03-27,Gwangju
1000270,man,40,2019-03-23,Seoul
1000271,man,40,2019-03-19,Seoul
1000272,women,40,2019-03-15,Incheon
1000273,man,40,2019-03-11,Seoul
1000274,women,20,2019-03-07,Daegu
1000275,women,20,2019-03-03,Seoul
1000276,man,30,2019-02-27,Gyeonggi
1000277,man,30,2019-02-23,Gyeonggi
1000278,man,30,2019-02-19,Gangwon
1000279,women,30,2019-02-15,Busan
1000280,women,60,2019-07-25,Daejeon
1000281,women,60,2019-07-21,Jeju
1000282,man,60,2019-07-17,Jeju
1000283,man,60,2019-07-13,Daegu
1000284,man,60,2019-07-09,Gwangju
1000285,women,60,2019-07-05,Seoul
1000286,man,60,2019-07-01,Seoul
1000287,women,60,2019-06-27,Incheon
1000288,women,60,2019-06-23,Seoul
1000289,man,60,2019-06-19,Daegu
1000290,man,60,2019-06-15,Incheon
1000291,man,60,2019-06-11,Seoul
1000292,women,60,2019-06-07,Daegu
1000293,man,60,2019-06-03,Seoul
1000294,women,60,2019-05-30,Gyeonggi
1000295,women,60,2019-05-26,Gyeonggi
1000296,man,60,2019-05-22,Gangwon
1000297,man,60,2019-05-18,Seoul
1000298,man,60,2019-05-14,Gyeonggi
1000299,women,60,2019-05-10,Gyeonggi
1000300,man,60,2019-05-06,Gangwon
1000301,women,60,2019-05-02,Busan
1000302,women,60,2019-04-28,Daejeon
1000303,man,60,2019-04-24,Jeju
1000304,man,60,2019-04-20,Jeju
1000305,man,60,2019-04-16,Daegu
1000306,women,60,2019-04-12,Gwangju
1000307,man,60,2019-04-08,Seoul
1000308,women,60,2019-04-04,Seoul
1000309,women,60,2019-03-31,Incheon
1000310,man,60,2019-03-27,Seoul
1000311,man,60,2019-03-23,Daegu
1000312,man,60,2019-03-19,Seoul
1000313,women,60,2019-03-15,Gyeonggi
1000314,man,60,2019-03-11,Gyeonggi
1000315,women,60,2019-03-07,Gangwon
1000316,women,60,2019-03-03,Busan
1000317,man,60,2019-02-27,Daejeon
1000318,man,60,2019-02-23,Jeju
1000319,man,60,2019-02-19,Jeju
1000320,women,60,2019-02-15,Daegu
1000321,man,50,2019-07-24,Gwangju
1000322,women,50,2019-07-29,Seoul
1000323,women,50,2019-08-03,Seoul
1000324,man,50,2019-08-08,Incheon
1000325,man,40,2019-08-13,Seoul
1000326,man,40,2019-08-18,Daegu
1000327,women,40,2019-08-23,Incheon
1000328,man,40,2019-08-28,Seoul
1000329,women,40,2019-09-02,Daegu
1000330,women,40,2019-09-07,Seoul
1000331,man,20,2019-09-12,Gyeonggi
1000332,man,20,2019-09-17,Gyeonggi
1000333,man,30,2019-09-22,Gangwon
1000334,women,30,2019-09-27,Seoul
1000335,man,30,2019-09-23,Gyeonggi
1000336,women,30,2019-09-19,Gyeonggi
1000337,women,30,2019-09-15,Gangwon
1000338,man,40,2019-09-11,Busan
1000339,man,40,2019-09-07,Daejeon
1000340,man,40,2019-09-03,Jeju
1000341,women,50,2019-08-30,Jeju
1000342,man,50,2019-08-26,Daegu
1000343,women,50,2019-08-22,Gwangju
1000344,women,50,2019-08-18,Seoul
1000345,man,50,2019-08-14,Seoul
1000346,man,50,2019-08-10,Incheon
1000347,man,50,2019-08-06,Seoul
1000348,women,50,2019-08-02,Daegu
1000349,man,50,2019-07-29,Seoul
1000350,women,50,2019-07-25,Gyeonggi
1000351,women,50,2019-07-21,Gyeonggi
1000352,man,40,2019-07-17,Gangwon
1000353,man,40,2019-07-13,Busan
1000354,man,40,2019-07-09,Daejeon
1000355,women,40,2019-07-05,Jeju
1000356,man,40,2019-07-01,Jeju
1000357,women,40,2019-06-27,Daegu
1000358,women,20,2019-06-23,Gwangju
1000359,man,20,2019-06-19,Seoul
1000360,man,30,2019-06-15,Seoul
1000361,man,30,2019-06-11,Incheon
1000362,women,30,2019-06-07,Seoul
1000363,man,30,2019-06-03,Daegu
1000364,women,30,2019-05-30,Incheon
1000365,women,40,2019-05-26,Seoul
1000366,man,40,2019-05-22,Daegu
1000367,man,40,2019-05-18,Seoul
1000368,man,50,2019-05-14,Gyeonggi
1000369,women,50,2019-05-10,Gyeonggi
1000370,man,50,2019-05-06,Gangwon
1000371,women,50,2019-05-02,Seoul
1000372,women,50,2019-04-28,Gyeonggi
1000373,man,50,2019-04-24,Gyeonggi
1000374,man,50,2019-04-20,Gangwon
1000375,man,50,2019-04-16,Busan
1000376,women,50,2019-04-12,Daejeon
1000377,man,50,2019-04-08,Jeju
1000378,women,50,2019-04-04,Jeju
1000379,women,40,2019-03-31,Daegu
1000380,man,40,2019-03-27,Gwangju
1000381,man,40,2019-03-23,Seoul
1000382,man,40,2019-03-19,Seoul
1000383,women,40,2019-03-15,Incheon
1000384,man,40,2019-03-11,Seoul
1000385,women,20,2019-03-07,Daegu
1000386,women,20,2019-03-03,Seoul
1000387,man,30,2019-02-27,Gyeonggi
1000388,man,30,2019-02-23,Gyeonggi
1000389,man,30,2019-02-19,Gangwon
1000390,women,30,2019-02-15,Busan
1000391,women,60,2019-07-25,Daejeon
1000392,women,60,2019-07-21,Jeju
1000393,man,60,2019-07-17,Jeju
1000394,man,60,2019-07-13,Daegu
1000395,man,60,2019-07-09,Gwangju
1000396,women,60,2019-07-05,Seoul
1000397,man,60,2019-07-01,Seoul
1000398,women,60,2019-06-27,Incheon
1000399,women,60,2019-06-23,Seoul
1000400,man,60,2019-06-19,Daegu
1000401,man,60,2019-06-15,Incheon
1000402,man,60,2019-06-11,Seoul
1000403,women,60,2019-06-07,Daegu
1000404,man,60,2019-06-03,Seoul
1000405,women,60,2019-05-30,Gyeonggi
1000406,women,60,2019-05-26,Gyeonggi
1000407,man,60,2019-05-22,Gangwon
1000408,man,60,2019-05-18,Seoul
1000409,man,60,2019-05-14,Gyeonggi
1000410,women,60,2019-05-10,Gyeonggi
1000411,man,60,2019-05-06,Gangwon
1000412,women,60,2019-05-02,Busan
1000413,women,60,2019-04-28,Daejeon
1000414,man,60,2019-04-24,Jeju
1000415,man,60,2019-04-20,Jeju
1000416,man,60,2019-04-16,Daegu
1000417,women,60,2019-04-12,Gwangju
1000418,man,60,2019-04-08,Seoul
1000419,women,60,2019-04-04,Seoul
1000420,women,60,2019-03-31,Incheon
1000421,man,60,2019-03-27,Seoul
1000422,man,60,2019-03-23,Daegu
1000423,man,60,2019-03-19,Seoul
1000424,women,60,2019-03-15,Gyeonggi
1000425,man,60,2019-03-11,Gyeonggi
1000426,women,60,2019-03-07,Gangwon
1000427,women,60,2019-03-03,Busan
1000428,man,60,2019-02-27,Daejeon
1000429,man,60,2019-02-23,Jeju
1000430,man,60,2019-02-19,Jeju
1000431,women,60,2019-02-15,Daegu
1000432,man,50,2019-07-24,Gwangju
1000433,women,50,2019-07-29,Seoul
1000434,women,50,2019-08-03,Seoul
1000435,man,50,2019-08-08,Incheon
1000436,man,40,2019-08-13,Seoul
1000437,man,40,2019-08-18,Daegu
1000438,women,40,2019-08-23,Incheon
1000439,man,40,2019-08-28,Seoul
1000440,women,40,2019-09-02,Daegu
1000441,women,40,2019-09-07,Seoul
1000442,man,20,2019-09-12,Gyeonggi
1000443,man,20,2019-09-17,Gyeonggi
1000444,man,30,2019-09-22,Gangwon
1000445,women,30,2019-09-27,Seoul
1000446,man,30,2019-09-23,Gyeonggi
1000447,women,30,2019-09-19,Gyeonggi
1000448,women,30,2019-09-15,Gangwon
1000449,man,40,2019-09-11,Busan
1000450,man,40,2019-09-07,Daejeon
1000451,man,40,2019-09-03,Jeju
1000452,women,50,2019-08-30,Jeju
1000453,man,50,2019-08-26,Daegu
1000454,women,50,2019-08-22,Gwangju
1000455,women,50,2019-08-18,Seoul
1000456,man,50,2019-08-14,Seoul
1000457,man,50,2019-08-10,Incheon
1000458,man,50,2019-08-06,Seoul
1000459,women,50,2019-08-02,Daegu
1000460,man,50,2019-07-29,Seoul
1000461,women,50,2019-07-25,Gyeonggi
1000462,women,50,2019-07-21,Gyeonggi
1000463,man,40,2019-07-17,Gangwon
1000464,man,40,2019-07-13,Busan
1000465,man,40,2019-07-09,Daejeon
1000466,women,40,2019-07-05,Jeju
1000467,man,40,2019-07-01,Jeju
1000468,women,40,2019-06-27,Daegu
1000469,women,20,2019-06-23,Gwangju
1000470,man,20,2019-06-19,Seoul
1000471,man,30,2019-06-15,Seoul
1000472,man,30,2019-06-11,Incheon
1000473,women,30,2019-06-07,Seoul
1000474,man,30,2019-06-03,Daegu
1000475,women,30,2019-05-30,Incheon
1000476,women,40,2019-05-26,Seoul
1000477,man,40,2019-05-22,Daegu
1000478,man,40,2019-05-18,Seoul
1000479,man,50,2019-05-14,Gyeonggi
1000480,women,50,2019-05-10,Gyeonggi
1000481,man,50,2019-05-06,Gangwon
1000482,women,50,2019-05-02,Seoul
1000483,women,50,2019-04-28,Gyeonggi
1000484,man,50,2019-04-24,Gyeonggi
1000485,man,50,2019-04-20,Gangwon
1000486,man,50,2019-04-16,Busan
1000487,women,50,2019-04-12,Daejeon
1000488,man,50,2019-04-08,Jeju
1000489,women,50,2019-04-04,Jeju
1000490,women,40,2019-03-31,Daegu
1000491,man,40,2019-03-27,Gwangju
1000492,man,40,2019-03-23,Seoul
1000493,man,40,2019-03-19,Seoul
1000494,women,40,2019-03-15,Incheon
1000495,man,40,2019-03-11,Seoul
1000496,women,20,2019-03-07,Daegu
1000497,women,20,2019-03-03,Seoul
1000498,man,30,2019-02-27,Gyeonggi
1000499,man,30,2019-02-23,Gyeonggi
1000500,man,30,2019-02-19,Gangwon
1000501,women,30,2019-02-15,Busan
1000502,women,60,2019-07-25,Daejeon
1000503,women,60,2019-07-21,Jeju
1000504,man,60,2019-07-17,Jeju
1000505,man,60,2019-07-13,Daegu
1000506,man,60,2019-07-09,Gwangju
1000507,women,60,2019-07-05,Seoul
1000508,man,60,2019-07-01,Seoul
1000509,women,60,2019-06-27,Incheon
1000510,women,60,2019-06-23,Seoul
1000511,man,60,2019-06-19,Daegu
1000512,man,60,2019-06-15,Incheon
1000513,man,60,2019-06-11,Seoul
1000514,women,60,2019-06-07,Daegu
1000515,man,60,2019-06-03,Seoul
1000516,women,60,2019-05-30,Gyeonggi
1000517,women,60,2019-05-26,Gyeonggi
1000518,man,60,2019-05-22,Gangwon
1000519,man,60,2019-05-18,Seoul
1000520,man,60,2019-05-14,Gyeonggi
1000521,women,60,2019-05-10,Gyeonggi
1000522,man,60,2019-05-06,Gangwon
1000523,women,60,2019-05-02,Busan
1000524,women,60,2019-04-28,Daejeon
1000525,man,60,2019-04-24,Jeju
1000526,man,60,2019-04-20,Jeju
1000527,man,60,2019-04-16,Daegu
1000528,women,60,2019-04-12,Gwangju
1000529,man,60,2019-04-08,Seoul
1000530,women,60,2019-04-04,Seoul
1000531,women,60,2019-03-31,Incheon
1000532,man,60,2019-03-27,Seoul
1000533,man,60,2019-03-23,Daegu
1000534,man,60,2019-03-19,Seoul
1000535,women,60,2019-03-15,Gyeonggi
1000536,man,60,2019-03-11,Gyeonggi
1000537,women,60,2019-03-07,Gangwon
1000538,women,60,2019-03-03,Busan
1000539,man,60,2019-02-27,Daejeon
1000540,man,60,2019-02-23,Jeju
1000541,man,60,2019-02-19,Jeju
1000542,women,60,2019-02-15,Daegu
1000543,man,50,2019-07-24,Gwangju
1000544,women,50,2019-07-29,Seoul
1000545,women,50,2019-08-03,Seoul
1000546,man,50,2019-08-08,Incheon
1000547,man,40,2019-08-13,Seoul
1000548,man,40,2019-08-18,Daegu
1000549,women,40,2019-08-23,Incheon
1000550,man,40,2019-08-28,Seoul
1000551,women,40,2019-09-02,Daegu
1000552,women,40,2019-09-07,Seoul
1000553,man,20,2019-09-12,Gyeonggi
1000554,man,20,2019-09-17,Gyeonggi
1000555,man,30,2019-09-22,Gangwon
1000556,women,30,2019-09-27,Seoul
1000557,man,30,2019-09-23,Gyeonggi
1000558,women,30,2019-09-19,Gyeonggi
1000559,women,30,2019-09-15,Gangwon
1000560,man,40,2019-09-11,Busan
1000561,man,40,2019-09-07,Daejeon
1000562,man,40,2019-09-03,Jeju
1000563,women,50,2019-08-30,Jeju
1000564,man,50,2019-08-26,Daegu
1000565,women,50,2019-08-22,Gwangju
1000566,women,50,2019-08-18,Seoul
1000567,man,50,2019-08-14,Seoul
1000568,man,50,2019-08-10,Incheon
1000569,man,50,2019-08-06,Seoul
1000570,women,50,2019-08-02,Daegu
1000571,man,50,2019-07-29,Seoul
1000572,women,50,2019-07-25,Gyeonggi
1000573,women,50,2019-07-21,Gyeonggi
1000574,man,40,2019-07-17,Gangwon
1000575,man,40,2019-07-13,Busan
1000576,man,40,2019-07-09,Daejeon
1000577,women,40,2019-07-05,Jeju
1000578,man,40,2019-07-01,Jeju
1000579,women,40,2019-06-27,Daegu
1000580,women,20,2019-06-23,Gwangju
1000581,man,20,2019-06-19,Seoul
1000582,man,30,2019-06-15,Seoul
1000583,man,30,2019-06-11,Incheon
1000584,women,30,2019-06-07,Seoul
1000585,man,30,2019-06-03,Daegu
1000586,women,30,2019-05-30,Incheon
1000587,women,40,2019-05-26,Seoul
1000588,man,40,2019-05-22,Daegu
1000589,man,40,2019-05-18,Seoul
1000590,man,50,2019-05-14,Gyeonggi
1000591,women,50,2019-05-10,Gyeonggi
1000592,man,50,2019-05-06,Gangwon
1000593,women,50,2019-05-02,Seoul
1000594,women,50,2019-04-28,Gyeonggi
1000595,man,50,2019-04-24,Gyeonggi
1000596,man,50,2019-04-20,Gangwon
1000597,man,50,2019-04-16,Busan
1000598,women,50,2019-04-12,Daejeon
1000599,man,50,2019-04-08,Jeju
1000600,women,50,2019-04-04,Jeju
1000601,women,40,2019-03-31,Daegu
1000602,man,40,2019-03-27,Gwangju
1000603,man,40,2019-03-23,Seoul
1000604,man,40,2019-03-19,Seoul
1000605,women,40,2019-03-15,Incheon
1000606,man,40,2019-03-11,Seoul
1000607,women,20,2019-03-07,Daegu
1000608,women,20,2019-03-03,Seoul
1000609,man,30,2019-02-27,Gyeonggi
1000610,man,30,2019-02-23,Gyeonggi
1000611,man,30,2019-02-19,Gangwon
1000612,women,30,2019-02-15,Busan
1000613,women,60,2019-07-25,Daejeon
1000614,women,60,2019-07-21,Jeju
1000615,man,60,2019-07-17,Jeju
1000616,man,60,2019-07-13,Daegu
1000617,man,60,2019-07-09,Gwangju
1000618,women,60,2019-07-05,Seoul
1000619,man,60,2019-07-01,Seoul
1000620,women,60,2019-06-27,Incheon
1000621,women,60,2019-06-23,Seoul
1000622,man,60,2019-06-19,Daegu
1000623,man,60,2019-06-15,Incheon
1000624,man,60,2019-06-11,Seoul
1000625,women,60,2019-06-07,Daegu
1000626,man,60,2019-06-03,Seoul
1000627,women,60,2019-05-30,Gyeonggi
1000628,women,60,2019-05-26,Gyeonggi
1000629,man,60,2019-05-22,Gangwon
1000630,man,60,2019-05-18,Seoul
1000631,man,60,2019-05-14,Gyeonggi
1000632,women,60,2019-05-10,Gyeonggi
1000633,man,60,2019-05-06,Gangwon
1000634,women,60,2019-05-02,Busan
1000635,women,60,2019-04-28,Daejeon
1000636,man,60,2019-04-24,Jeju
1000637,man,60,2019-04-20,Jeju
1000638,man,60,2019-04-16,Daegu
1000639,women,60,2019-04-12,Gwangju
1000640,man,60,2019-04-08,Seoul
1000641,women,60,2019-04-04,Seoul
1000642,women,60,2019-03-31,Incheon
1000643,man,60,2019-03-27,Seoul
1000644,man,60,2019-03-23,Daegu
1000645,man,60,2019-03-19,Seoul
1000646,women,60,2019-03-15,Gyeonggi
1000647,man,60,2019-03-11,Gyeonggi
1000648,women,60,2019-03-07,Gangwon
1000649,women,60,2019-03-03,Busan
1000650,man,60,2019-02-27,Daejeon
1000651,man,60,2019-02-23,Jeju
1000652,man,60,2019-02-19,Jeju
1000653,women,60,2019-02-15,Daegu
1000654,man,20,2019-01-22,Seoul
1000655,women,20,2019-02-12,Gyeonggi
1000656,women,30,2019-01-24,Gyeonggi
1000657,man,30,2019-02-14,Gangwon
1000658,man,30,2019-01-26,Busan
1000659,man,30,2019-02-16,Daejeon
1000660,women,30,2019-01-28,Jeju
1000661,man,40,2019-02-18,Jeju
1000662,women,40,2019-01-30,Daegu
1000663,women,40,2019-02-20,Gwangju
1000664,man,50,2019-02-01,Seoul
1000665,man,50,2019-02-22,Seoul
1000666,man,50,2019-02-03,Incheon
1000667,women,50,2019-02-24,Seoul
1000668,man,50,2019-02-05,Daegu
1000669,women,50,2019-02-06,Seoul
1000670,women,50,2019-02-07,Gyeonggi
1000671,man,50,2019-02-08,Gyeonggi
1000672,man,50,2019-02-09,Gangwon
1000673,man,50,2019-02-10,Busan
1000674,women,50,2019-02-11,Daejeon
1000675,man,40,2019-02-12,Jeju
1000676,women,40,2019-02-27,Jeju
1000677,women,40,2019-02-28,Daegu
1000678,man,40,2019-03-01,Gwangju
1000679,man,40,2019-03-02,Seoul
1000680,man,40,2019-03-03,Seoul
1000681,women,20,2019-03-04,Incheon
1000682,man,20,2019-03-19,Seoul
1000683,women,30,2019-03-20,Daegu
1000684,women,30,2019-03-21,Incheon
1000685,man,30,2019-03-22,Seoul
1000686,man,30,2019-03-23,Daegu
1000687,man,30,2019-03-24,Seoul
1000688,women,40,2019-04-08,Gyeonggi
1000689,man,40,2019-04-09,Gyeonggi
1000690,women,40,2019-04-10,Gangwon
1000691,women,50,2019-04-11,Seoul
1000692,man,50,2019-04-12,Gyeonggi
1000693,man,50,2019-04-13,Gyeonggi
1000694,man,50,2019-04-28,Gangwon
1000695,women,50,2019-04-29,Busan
1000696,man,50,2019-04-30,Daejeon
1000697,women,50,2019-05-01,Jeju
1000698,women,50,2019-05-02,Jeju
1000699,man,50,2019-05-03,Daegu
1000700,man,50,2019-05-18,Gwangju
1000701,man,50,2019-05-19,Seoul
1000702,women,40,2019-05-20,Seoul
1000703,man,40,2019-05-21,Incheon
1000704,women,40,2019-05-22,Seoul
1000705,women,40,2019-05-23,Daegu
1000706,man,40,2019-06-07,Seoul
1000707,man,40,2019-06-08,Gyeonggi
1000708,man,20,2019-06-09,Gyeonggi
1000709,women,20,2019-05-10,Gangwon
1000710,man,30,2019-04-10,Busan
1000711,women,30,2019-03-11,Daejeon
1000712,women,30,2019-02-09,Jeju
1000713,man,30,2019-01-10,Jeju
1000714,man,30,2019-01-15,Daegu
1000715,man,40,2019-01-20,Gwangju
1000716,women,40,2019-01-25,Seoul
1000717,man,40,2019-01-30,Seoul
1000718,women,50,2019-02-04,Incheon
1000719,women,50,2019-02-09,Seoul
1000720,man,50,2019-02-14,Daegu
1000721,man,50,2019-02-19,Incheon
1000722,man,50,2019-02-24,Seoul
1000723,women,50,2019-03-01,Daegu
1000724,man,50,2019-03-06,Seoul
1000725,women,50,2019-03-11,Gyeonggi
1000726,women,50,2019-03-16,Gyeonggi
1000727,man,50,2019-03-21,Gangwon
1000728,man,50,2019-03-26,Seoul
1000729,man,40,2019-03-31,Gyeonggi
1000730,women,40,2019-04-05,Gyeonggi
1000731,man,40,2019-04-10,Gangwon
1000732,women,40,2019-04-15,Busan
1000733,women,40,2019-04-20,Daejeon
1000734,man,40,2019-04-25,Jeju
1000735,man,20,2019-04-30,Jeju
1000736,man,20,2019-05-05,Daegu
1000737,women,30,2019-05-10,Gwangju
1000738,man,30,2019-05-15,Seoul
1000739,man,20,2019-01-22,Seoul
1000740,women,20,2019-02-12,Gyeonggi
1000741,women,30,2019-01-24,Gyeonggi
1000742,man,30,2019-02-14,Gangwon
1000743,man,30,2019-01-26,Busan
1000744,man,30,2019-02-16,Daejeon
1000745,women,30,2019-01-28,Jeju
1000746,man,40,2019-02-18,Jeju
1000747,women,40,2019-01-30,Daegu
1000748,women,40,2019-02-20,Gwangju
1000749,man,50,2019-02-01,Seoul
1000750,man,50,2019-02-22,Seoul
1000751,man,50,2019-02-03,Incheon
1000752,women,50,2019-02-24,Seoul
1000753,man,50,2019-02-05,Daegu
1000754,women,50,2019-02-06,Seoul
1000755,women,50,2019-02-07,Gyeonggi
1000756,man,50,2019-02-08,Gyeonggi
1000757,man,50,2019-02-09,Gangwon
1000758,man,50,2019-02-10,Busan
1000759,women,50,2019-02-11,Daejeon
1000760,man,40,2019-02-12,Jeju
1000761,women,40,2019-02-27,Jeju
1000762,women,40,2019-02-28,Daegu
1000763,man,40,2019-03-01,Gwangju
1000764,man,40,2019-03-02,Seoul
1000765,man,40,2019-03-03,Seoul
1000766,women,20,2019-03-04,Incheon
1000767,man,20,2019-03-19,Seoul
1000768,women,30,2019-03-20,Daegu
1000769,women,30,2019-03-21,Incheon
1000770,man,30,2019-03-22,Seoul
1000771,man,30,2019-03-23,Daegu
1000772,man,30,2019-03-24,Seoul
1000773,women,40,2019-04-08,Gyeonggi
1000774,man,40,2019-04-09,Gyeonggi
1000775,women,40,2019-04-10,Gangwon
1000776,women,50,2019-04-11,Seoul
1000777,man,50,2019-04-12,Gyeonggi
1000778,man,50,2019-04-13,Gyeonggi
1000779,man,50,2019-04-28,Gangwon
1000780,women,50,2019-04-29,Busan
1000781,man,50,2019-04-30,Daejeon
1000782,women,50,2019-05-01,Jeju
1000783,women,50,2019-05-02,Jeju
1000784,man,50,2019-05-03,Daegu
1000785,man,50,2019-05-18,Gwangju
1000786,man,50,2019-05-19,Seoul
1000787,women,40,2019-05-20,Seoul
1000788,man,40,2019-05-21,Incheon
1000789,women,40,2019-05-22,Seoul
1000790,women,40,2019-05-23,Daegu
1000791,man,40,2019-06-07,Seoul
1000792,man,40,2019-06-08,Gyeonggi
1000793,man,20,2019-06-09,Gyeonggi
1000794,women,20,2019-05-10,Gangwon
1000795,man,30,2019-04-10,Busan
1000796,women,30,2019-03-11,Daejeon
1000797,women,30,2019-02-09,Jeju
1000798,man,30,2019-01-10,Jeju
1000799,man,30,2019-01-15,Daegu
1000800,man,40,2019-01-20,Gwangju
1000801,women,40,2019-01-25,Seoul
1000802,man,40,2019-01-30,Seoul
1000803,women,50,2019-02-04,Incheon
1000804,women,50,2019-02-09,Seoul
1000805,man,50,2019-02-14,Daegu
1000806,man,50,2019-02-19,Incheon
1000807,man,50,2019-02-24,Seoul
1000808,women,50,2019-03-01,Daegu
1000809,man,50,2019-03-06,Seoul
1000810,women,50,2019-03-11,Gyeonggi
1000811,women,50,2019-03-16,Gyeonggi
1000812,man,50,2019-03-21,Gangwon
1000813,man,50,2019-03-26,Seoul
1000814,man,40,2019-03-31,Gyeonggi
1000815,women,40,2019-04-05,Gyeonggi
1000816,man,40,2019-04-10,Gangwon
1000817,women,40,2019-04-15,Busan
1000818,women,40,2019-04-20,Daejeon
1000819,man,40,2019-04-25,Jeju
1000820,man,20,2019-04-30,Jeju
1000821,man,20,2019-05-05,Daegu
1000822,women,30,2019-05-10,Gwangju
1000823,man,30,2019-05-15,Seoul
1000824,women,30,2018-09-27,Seoul
1000825,women,30,2018-09-27,Seoul
1000826,women,30,2018-09-27,Seoul
1000827,women,30,2018-09-27,Seoul
1000828,women,30,2018-09-27,Seoul
1000829,man,30,2018-09-23,Gyeonggi
1000830,man,30,2018-09-23,Gyeonggi
1000831,man,30,2018-09-23,Gyeonggi
1000832,man,30,2018-09-23,Gyeonggi
1000833,man,30,2018-09-23,Gyeonggi
1000834,man,30,2018-09-22,Gangwon
1000835,man,30,2018-09-22,Gangwon
1000836,man,30,2018-09-22,Gangwon
1000837,man,30,2018-09-22,Gangwon
1000838,man,30,2018-09-22,Gangwon
1000839,women,30,2018-09-19,Gyeonggi
1000840,women,30,2018-09-19,Gyeonggi
1000841,women,30,2018-09-19,Gyeonggi
1000842,women,30,2018-09-19,Gyeonggi
1000843,women,30,2018-09-19,Gyeonggi
1000844,man,20,2018-09-17,Gyeonggi
1000845,man,20,2018-09-17,Gyeonggi
1000846,man,20,2018-09-17,Gyeonggi
1000847,man,20,2018-09-17,Gyeonggi
1000848,man,20,2018-09-17,Gyeonggi
1000849,women,30,2018-09-15,Gangwon
1000850,women,30,2018-09-15,Gangwon
1000851,women,30,2018-09-15,Gangwon
1000852,women,30,2018-09-15,Gangwon
1000853,women,30,2018-09-15,Gangwon
1000854,man,20,2018-09-12,Gyeonggi
1000855,man,20,2018-09-12,Gyeonggi
1000856,man,20,2018-09-12,Gyeonggi
1000857,man,20,2018-09-12,Gyeonggi
1000858,man,20,2018-09-12,Gyeonggi
1000859,man,40,2018-09-11,Busan
1000860,man,40,2018-09-11,Busan
1000861,man,40,2018-09-11,Busan
1000862,man,40,2018-09-11,Busan
1000863,man,40,2018-09-11,Busan
1000864,women,40,2018-09-07,Seoul
1000865,man,40,2018-09-07,Daejeon
1000866,women,40,2018-09-07,Seoul
1000867,man,40,2018-09-07,Daejeon
1000868,women,40,2018-09-07,Seoul
1000869,man,40,2018-09-07,Daejeon
1000870,women,40,2018-09-07,Seoul
1000871,man,40,2018-09-07,Daejeon
1000872,women,40,2018-09-07,Seoul
1000873,man,40,2018-09-07,Daejeon
1000874,man,40,2018-09-03,Jeju
1000875,man,40,2018-09-03,Jeju
1000876,man,40,2018-09-03,Jeju
1000877,man,40,2018-09-03,Jeju
1000878,man,40,2018-09-03,Jeju
1000879,women,40,2018-09-02,Daegu
1000880,women,40,2018-09-02,Daegu
1000881,women,40,2018-09-02,Daegu
1000882,women,40,2018-09-02,Daegu
1000883,women,40,2018-09-02,Daegu
1000884,women,50,2018-08-30,Jeju
1000885,women,50,2018-08-30,Jeju
1000886,women,50,2018-08-30,Jeju
1000887,women,50,2018-08-30,Jeju
1000888,women,50,2018-08-30,Jeju
1000889,man,40,2018-08-28,Seoul
1000890,man,40,2018-08-28,Seoul
1000891,man,40,2018-08-28,Seoul
1000892,man,40,2018-08-28,Seoul
1000893,man,40,2018-08-28,Seoul
1000894,man,50,2018-08-26,Daegu
1000895,man,50,2018-08-26,Daegu
1000896,man,50,2018-08-26,Daegu
1000897,man,50,2018-08-26,Daegu
1000898,man,50,2018-08-26,Daegu
1000899,women,40,2018-08-23,Incheon
1000900,women,40,2018-08-23,Incheon
1000901,women,40,2018-08-23,Incheon
1000902,women,40,2018-08-23,Incheon
1000903,women,40,2018-08-23,Incheon
1000904,women,50,2018-08-22,Gwangju
1000905,women,50,2018-08-22,Gwangju
1000906,women,50,2018-08-22,Gwangju
1000907,women,50,2018-08-22,Gwangju
1000908,women,50,2018-08-22,Gwangju
1000909,man,40,2018-08-18,Daegu
1000910,women,50,2018-08-18,Seoul
1000911,man,40,2018-08-18,Daegu
1000912,women,50,2018-08-18,Seoul
1000913,man,40,2018-08-18,Daegu
1000914,women,50,2018-08-18,Seoul
1000915,man,40,2018-08-18,Daegu
1000916,women,50,2018-08-18,Seoul
1000917,man,40,2018-08-18,Daegu
1000918,women,50,2018-08-18,Seoul
1000919,man,50,2018-08-14,Seoul
1000920,man,50,2018-08-14,Seoul
1000921,man,50,2018-08-14,Seoul
1000922,man,50,2018-08-14,Seoul
1000923,man,40,2018-08-13,Seoul
1000924,man,40,2018-08-13,Seoul
1000925,man,40,2018-08-13,Seoul
1000926,man,40,2018-08-13,Seoul
1000927,man,40,2018-08-13,Seoul
1000928,man,50,2018-08-10,Incheon
1000929,man,50,2018-08-10,Incheon
1000930,man,50,2018-08-10,Incheon
1000931,man,50,2018-08-10,Incheon
1000932,man,50,2018-08-08,Incheon
1000933,man,50,2018-08-08,Incheon
1000934,man,50,2018-08-08,Incheon
1000935,man,50,2018-08-08,Incheon
1000936,man,50,2018-08-08,Incheon
1000937,man,50,2018-08-06,Seoul
1000938,man,50,2018-08-06,Seoul
1000939,man,50,2018-08-06,Seoul
1000940,man,50,2018-08-06,Seoul
1000941,women,50,2018-08-03,Seoul
1000942,women,50,2018-08-03,Seoul
1000943,women,50,2018-08-03,Seoul
1000944,women,50,2018-08-03,Seoul
1000945,women,50,2018-08-03,Seoul
1000946,women,50,2018-08-02,Daegu
1000947,women,50,2018-08-02,Daegu
1000948,women,50,2018-08-02,Daegu
1000949,women,50,2018-08-02,Daegu
1000950,women,50,2018-07-29,Seoul
1000951,women,50,2018-07-29,Seoul
1000952,man,50,2018-07-29,Seoul
1000953,women,50,2018-07-29,Seoul
1000954,man,50,2018-07-29,Seoul
1000955,women,50,2018-07-29,Seoul
1000956,man,50,2018-07-29,Seoul
1000957,women,50,2018-07-29,Seoul
1000958,man,50,2018-07-29,Seoul
1000959,women,50,2018-07-25,Gyeonggi
1000960,women,60,2018-07-25,Daejeon
1000961,women,50,2018-07-25,Gyeonggi
1000962,women,60,2018-07-25,Daejeon
1000963,women,50,2018-07-25,Gyeonggi
1000964,women,60,2018-07-25,Daejeon
1000965,women,50,2018-07-25,Gyeonggi
1000966,women,60,2018-07-25,Daejeon
1000967,man,50,2018-07-24,Gwangju
1000968,man,50,2018-07-24,Gwangju
1000969,man,50,2018-07-24,Gwangju
1000970,man,50,2018-07-24,Gwangju
1000971,man,50,2018-07-24,Gwangju
1000972,women,50,2018-07-21,Gyeonggi
1000973,women,60,2018-07-21,Jeju
1000974,women,50,2018-07-21,Gyeonggi
1000975,women,60,2018-07-21,Jeju
1000976,women,50,2018-07-21,Gyeonggi
1000977,women,60,2018-07-21,Jeju
1000978,women,50,2018-07-21,Gyeonggi
1000979,women,60,2018-07-21,Jeju
1000980,women,50,2018-07-19,Daegu
1000981,man,40,2018-07-17,Gangwon
1000982,man,60,2018-07-17,Jeju
1000983,man,40,2018-07-17,Gangwon
1000984,man,60,2018-07-17,Jeju
1000985,man,40,2018-07-17,Gangwon
1000986,man,60,2018-07-17,Jeju
1000987,man,40,2018-07-17,Gangwon
1000988,man,60,2018-07-17,Jeju
1000989,man,50,2018-07-14,Jeju
1000990,man,40,2018-07-13,Busan
1000991,man,60,2018-07-13,Daegu
1000992,man,40,2018-07-13,Busan
1000993,man,60,2018-07-13,Daegu
1000994,man,40,2018-07-13,Busan
1000995,man,60,2018-07-13,Daegu
1000996,man,40,2018-07-13,Busan
1000997,man,60,2018-07-13,Daegu
1000998,man,50,2018-07-09,Jeju
1000999,man,40,2018-07-09,Daejeon
1001000,man,60,2018-07-09,Gwangju
1001001,man,40,2018-07-09,Daejeon
1001002,man,60,2018-07-09,Gwangju
1001003,man,40,2018-07-09,Daejeon
1001004,man,60,2018-07-09,Gwangju
1001005,man,40,2018-07-09,Daejeon
1001006,man,60,2018-07-09,Gwangju
1001007,women,40,2018-07-05,Jeju
1001008,women,60,2018-07-05,Seoul
1001009,women,40,2018-07-05,Jeju
1001010,women,60,2018-07-05,Seoul
1001011,women,40,2018-07-05,Jeju
1001012,women,60,2018-07-05,Seoul
1001013,women,40,2018-07-05,Jeju
1001014,women,60,2018-07-05,Seoul
1001015,man,50,2018-07-04,Daejeon
1001016,man,40,2018-07-01,Jeju
1001017,man,60,2018-07-01,Seoul
1001018,man,40,2018-07-01,Jeju
1001019,man,60,2018-07-01,Seoul
1001020,man,40,2018-07-01,Jeju
1001021,man,60,2018-07-01,Seoul
1001022,man,40,2018-07-01,Jeju
1001023,man,60,2018-07-01,Seoul
1001024,women,50,2018-06-29,Busan
1001025,women,40,2018-06-27,Daegu
1001026,women,60,2018-06-27,Incheon
1001027,women,40,2018-06-27,Daegu
1001028,women,60,2018-06-27,Incheon
1001029,women,40,2018-06-27,Daegu
1001030,women,60,2018-06-27,Incheon
1001031,women,40,2018-06-27,Daegu
1001032,women,60,2018-06-27,Incheon
1001033,women,50,2018-06-24,Gangwon
1001034,women,20,2018-06-23,Gwangju
1001035,women,60,2018-06-23,Seoul
1001036,women,20,2018-06-23,Gwangju
1001037,women,60,2018-06-23,Seoul
1001038,women,20,2018-06-23,Gwangju
1001039,women,60,2018-06-23,Seoul
1001040,women,20,2018-06-23,Gwangju
1001041,women,60,2018-06-23,Seoul
1001042,man,50,2018-06-19,Gyeonggi
1001043,man,20,2018-06-19,Seoul
1001044,man,60,2018-06-19,Daegu
1001045,man,20,2018-06-19,Seoul
1001046,man,60,2018-06-19,Daegu
1001047,man,20,2018-06-19,Seoul
1001048,man,60,2018-06-19,Daegu
1001049,man,20,2018-06-19,Seoul
1001050,man,60,2018-06-19,Daegu
1001051,man,30,2018-06-15,Seoul
1001052,man,60,2018-06-15,Incheon
1001053,man,30,2018-06-15,Seoul
1001054,man,60,2018-06-15,Incheon
1001055,man,30,2018-06-15,Seoul
1001056,man,60,2018-06-15,Incheon
1001057,man,30,2018-06-15,Seoul
1001058,man,60,2018-06-15,Incheon
1001059,women,40,2018-06-14,Gyeonggi
1001060,man,30,2018-06-11,Incheon
1001061,man,60,2018-06-11,Seoul
1001062,man,30,2018-06-11,Incheon
1001063,man,60,2018-06-11,Seoul
1001064,man,30,2018-06-11,Incheon
1001065,man,60,2018-06-11,Seoul
1001066,man,30,2018-06-11,Incheon
1001067,man,60,2018-06-11,Seoul
1001068,man,20,2018-06-09,Gyeonggi
1001069,man,40,2018-06-09,Seoul
1001070,man,20,2018-06-09,Gyeonggi
1001071,man,20,2018-06-09,Gyeonggi
1001072,man,40,2018-06-08,Gyeonggi
1001073,man,40,2018-06-08,Gyeonggi
1001074,man,40,2018-06-08,Gyeonggi
1001075,man,40,2018-06-07,Seoul
1001076,women,30,2018-06-07,Seoul
1001077,women,60,2018-06-07,Daegu
1001078,women,30,2018-06-07,Seoul
1001079,women,60,2018-06-07,Daegu
1001080,women,30,2018-06-07,Seoul
1001081,women,60,2018-06-07,Daegu
1001082,women,30,2018-06-07,Seoul
1001083,women,60,2018-06-07,Daegu
1001084,man,40,2018-06-07,Seoul
1001085,man,40,2018-06-07,Seoul
1001086,man,40,2018-06-04,Daegu
1001087,man,30,2018-06-03,Daegu
1001088,man,60,2018-06-03,Seoul
1001089,man,30,2018-06-03,Daegu
1001090,man,60,2018-06-03,Seoul
1001091,man,30,2018-06-03,Daegu
1001092,man,60,2018-06-03,Seoul
1001093,man,30,2018-06-03,Daegu
1001094,man,60,2018-06-03,Seoul
1001095,man,30,2018-05-30,Seoul
1001096,women,30,2018-05-30,Incheon
1001097,women,60,2018-05-30,Gyeonggi
1001098,women,30,2018-05-30,Incheon
1001099,women,60,2018-05-30,Gyeonggi
1001100,women,30,2018-05-30,Incheon
1001101,women,60,2018-05-30,Gyeonggi
1001102,women,30,2018-05-30,Incheon
1001103,women,60,2018-05-30,Gyeonggi
1001104,women,40,2018-05-26,Seoul
1001105,women,60,2018-05-26,Gyeonggi
1001106,women,40,2018-05-26,Seoul
1001107,women,60,2018-05-26,Gyeonggi
1001108,women,40,2018-05-26,Seoul
1001109,women,60,2018-05-26,Gyeonggi
1001110,women,40,2018-05-26,Seoul
1001111,women,60,2018-05-26,Gyeonggi
1001112,women,30,2018-05-25,Incheon
1001113,women,40,2018-05-23,Daegu
1001114,women,40,2018-05-23,Daegu
1001115,women,40,2018-05-23,Daegu
1001116,women,40,2018-05-22,Seoul
1001117,man,40,2018-05-22,Daegu
1001118,man,60,2018-05-22,Gangwon
1001119,man,40,2018-05-22,Daegu
1001120,man,60,2018-05-22,Gangwon
1001121,man,40,2018-05-22,Daegu
1001122,man,60,2018-05-22,Gangwon
1001123,man,40,2018-05-22,Daegu
1001124,man,60,2018-05-22,Gangwon
1001125,women,40,2018-05-22,Seoul
1001126,women,40,2018-05-22,Seoul
1001127,man,40,2018-05-21,Incheon
1001128,man,40,2018-05-21,Incheon
1001129,man,40,2018-05-21,Incheon
1001130,women,40,2018-05-20,Seoul
1001131,women,30,2018-05-20,Seoul
1001132,women,40,2018-05-20,Seoul
1001133,women,40,2018-05-20,Seoul
1001134,man,50,2018-05-19,Seoul
1001135,man,50,2018-05-19,Seoul
1001136,man,50,2018-05-19,Seoul
1001137,man,50,2018-05-18,Gwangju
1001138,man,60,2018-05-18,Seoul
1001139,man,40,2018-05-18,Seoul
1001140,man,60,2018-05-18,Seoul
1001141,man,40,2018-05-18,Seoul
1001142,man,60,2018-05-18,Seoul
1001143,man,40,2018-05-18,Seoul
1001144,man,60,2018-05-18,Seoul
1001145,man,40,2018-05-18,Seoul
1001146,man,60,2018-05-18,Seoul
1001147,man,50,2018-05-18,Gwangju
1001148,man,50,2018-05-18,Gwangju
1001149,man,30,2018-05-15,Seoul
1001150,man,30,2018-05-15,Seoul
1001151,man,30,2018-05-15,Seoul
1001152,man,60,2018-05-14,Gyeonggi
1001153,man,50,2018-05-14,Gyeonggi
1001154,man,60,2018-05-14,Gyeonggi
1001155,man,50,2018-05-14,Gyeonggi
1001156,man,60,2018-05-14,Gyeonggi
1001157,man,50,2018-05-14,Gyeonggi
1001158,man,60,2018-05-14,Gyeonggi
1001159,man,50,2018-05-14,Gyeonggi
1001160,man,60,2018-05-14,Gyeonggi
1001161,women,20,2018-05-10,Gangwon
1001162,women,30,2018-05-10,Gwangju
1001163,women,60,2018-05-10,Gyeonggi
1001164,women,50,2018-05-10,Gyeonggi
1001165,women,60,2018-05-10,Gyeonggi
1001166,women,50,2018-05-10,Gyeonggi
1001167,women,60,2018-05-10,Gyeonggi
1001168,women,50,2018-05-10,Gyeonggi
1001169,women,60,2018-05-10,Gyeonggi
1001170,women,50,2018-05-10,Gyeonggi
1001171,women,60,2018-05-10,Gyeonggi
1001172,women,20,2018-05-10,Gangwon
1001173,women,30,2018-05-10,Gwangju
1001174,women,20,2018-05-10,Gangwon
1001175,women,30,2018-05-10,Gwangju
1001176,man,60,2018-05-06,Gangwon
1001177,man,50,2018-05-06,Gangwon
1001178,man,60,2018-05-06,Gangwon
1001179,man,50,2018-05-06,Gangwon
1001180,man,60,2018-05-06,Gangwon
1001181,man,50,2018-05-06,Gangwon
1001182,man,60,2018-05-06,Gangwon
1001183,man,50,2018-05-06,Gangwon
1001184,man,60,2018-05-06,Gangwon
1001185,man,20,2018-05-05,Daegu
1001186,man,20,2018-05-05,Daegu
1001187,man,20,2018-05-05,Daegu
1001188,man,50,2018-05-03,Daegu
1001189,man,50,2018-05-03,Daegu
1001190,man,50,2018-05-03,Daegu
1001191,women,50,2018-05-02,Jeju
1001192,women,60,2018-05-02,Busan
1001193,women,50,2018-05-02,Seoul
1001194,women,60,2018-05-02,Busan
1001195,women,50,2018-05-02,Seoul
1001196,women,60,2018-05-02,Busan
1001197,women,50,2018-05-02,Seoul
1001198,women,60,2018-05-02,Busan
1001199,women,50,2018-05-02,Seoul
1001200,women,60,2018-05-02,Busan
1001201,women,50,2018-05-02,Jeju
1001202,women,50,2018-05-02,Jeju
1001203,women,50,2018-05-01,Jeju
1001204,women,50,2018-05-01,Jeju
1001205,women,50,2018-05-01,Jeju
1001206,man,50,2018-04-30,Daejeon
