order_no,prod_cd,quantity
2000001,1001,2
2000003,1002,1
2000004,1003,1
2000005,1004,1
2000006,1005,1
2000007,1006,1
2000009,1008,1
2000011,1010,1
2000012,1011,1
2000013,1012,1
2000017,1016,1
2000018,1017,1
2000019,1018,1
2000022,1021,1
2000023,1022,1
2000024,1023,1
2000026,1025,1
2000027,1026,1
2000028,1027,1
2000032,1031,1
2000033,1032,1
2000036,1035,1
2000037,1045,1
2000038,1036,1
2000044,1042,1
2000045,1043,1
2000049,1047,1
2000060,1010,1
2000065,1015,1
2000066,1016,1
2000067,1017,1
2000071,1021,1
2000072,1022,1
2000073,1023,1
2000074,1024,1
2000079,1029,1
2000080,1030,1
2000081,1031,1
2000086,1036,1
2000087,1037,1
2000093,1043,1
2000101,1003,1
2000102,1004,1
2000106,1008,1
2000107,1009,1
2000108,1010,1
2000109,1011,1
2000110,1012,1
2000119,1021,1
2000127,1029,1
2000134,1036,1
2000135,1037,1
2000136,1038,1
2000137,1039,1
2000138,1040,1
2000139,1041,2
2000140,1042,1
2000141,1043,1
2000142,1044,1
2000144,1046,1
2000149,1003,1
2000150,1004,1
2000151,1005,1
2000152,1006,2
2000153,1007,1
2000154,1008,1
2000155,1009,1
2000156,1010,1
2000157,1011,1
2000162,1016,1
2000164,1018,1
2000168,1021,1
2000170,1023,1
2000176,1029,1
2000177,1030,1
2000178,1031,1
2000179,1032,1
2000181,1034,1
2000182,1035,1
2000183,1036,1
2000184,1037,1
2000185,1038,1
2000186,1039,1
2000187,1040,1
2000189,1042,3
2000190,1043,1
2000191,1044,1
2000192,1045,1
2000196,1001,1
2000197,1002,1
2000198,1003,1
2000200,1005,1
2000201,1006,1
2000202,1007,1
2000203,1008,1
2000208,1013,1
2000213,1018,1
2000216,1021,1
2000221,1026,2
2000222,1027,1
2000226,1031,1
2000227,1032,1
2000228,1033,1
2000234,1039,1
2000240,1045,1
2000241,1046,1
2000242,1047,1
2000243,1048,1
2000245,1002,1
2000247,1004,1
2000252,1009,1
2000267,1024,1
2000269,1026,1
2000270,1027,1
2000276,1033,1
2000277,1034,1
2000278,1035,1
2000279,1036,1
2000282,1039,1
2000290,1047,1
2000291,1048,1
2000292,1001,1
2000305,1014,1
2000306,1015,1
2000309,1018,1
2000311,1020,1
2000312,1021,1
2000313,1022,1
2000314,1023,1
2000324,1033,1
2000334,1043,1
2000335,1044,1
2000339,1048,1
2000354,1015,1
2000363,1024,1
2000368,1029,1
2000369,1030,1
2000370,1031,1
2000371,1032,1
2000372,1033,1
2000373,1034,1
2000374,1035,1
2000378,1039,1
2000379,1040,1
2000388,1001,1
2000389,1002,1
2000390,1003,1
2000391,1004,1
2000392,1005,1
2000394,1007,1
2000395,1008,1
2000414,1027,1
2000416,1029,1
2000417,1030,1
2000418,1031,1
2000431,1044,1
2000434,1047,1
2000435,1048,1
2000436,1001,1
2000437,1002,1
2000438,1003,1
2000440,1005,2
2000448,1013,1
2000462,1027,1
2000491,1008,1
2000492,1009,1
2000494,1011,1
2000499,1016,1
2000512,1029,1
2000536,1005,1
2000537,1006,1
2000538,1007,1
2000539,1008,1
2000540,1009,1
2000541,1010,1
2000542,1011,1
2000543,1012,1
2000544,1013,1
2000555,1024,1
2000557,1026,1
2000562,1031,1
2000563,1032,1
2000579,1048,1
2000580,1001,1
2000581,1002,1
2000582,1003,1
2000594,1015,1
2000595,1016,1
2000608,1029,1
2000610,1031,1
2000612,1033,1
2000627,1048,1
2000628,1001,1
2000638,1011,1
2000639,1012,1
2000643,1016,2
2000653,1026,1
2000654,1027,1
2000655,1028,1
2000671,1044,1
2000672,1045,1
2000673,1046,1
2000675,1048,1
2000684,1009,1
2000685,1010,1
2000686,1011,1
2000687,1012,1
2000694,1019,2
2000695,1020,1
2000697,1022,1
2000706,1031,1
2000707,1032,2
2000708,1033,1
2000709,1034,1
2000710,1035,1
2000722,1047,1
2000741,1018,1
2000742,1019,1
2000744,1021,1
2000745,1022,1
2000749,1026,1
2000761,1038,1
2000768,1045,1
2000769,1046,1
2000771,1048,1
2000772,1001,1
2000773,1002,1
2000781,1010,1
2000782,1011,1
2000783,1012,1
2000785,1014,1
2000786,1015,1
2000793,1022,1
2000802,1031,1
2000803,1032,1
2000804,1033,1
2000814,1043,1
2000815,1044,1
2000816,1045,1
2000817,1046,1
2000818,1047,1
2000819,1048,1
2000822,1003,2
2000829,1010,1
2000833,1014,1
2000834,1015,1
2000835,1016,1
2000836,1017,1
2000839,1020,1
2000846,1027,1
2000855,1036,1
2000861,1042,1
2000862,1043,1
2000863,1044,1
2000873,1006,1
2000883,1016,1
2000895,1028,1
2000905,1038,1
2000913,1046,1
2000926,1011,1
2000927,1012,1
2000928,1013,1
2000929,1014,1
2000930,1015,1
2000931,1016,1
2000932,1017,1
2000934,1019,1
2000947,1032,1
2000948,1033,1
2000949,1034,1
2000950,1035,1
2000951,1036,1
2000957,1042,1
2000960,1045,1
2000972,1009,1
2000973,1010,1
2000974,1011,1
2000975,1012,1
2000976,1013,1
2000977,1014,1
2000978,1015,1
2000981,1018,1
2000982,1019,1
2000983,1020,1
2000987,1024,1
2000992,1029,1
2000993,1030,1
2000995,1032,1
2000997,1034,1
2000998,1035,1
2001000,1037,1
2001001,1038,1
2001002,1039,1
2001009,1046,1
2001010,1047,1
2001011,1048,1
2001030,1019,1
2001031,1020,2
2001032,1021,1
2001033,1022,1
2001063,1004,1
2001064,1005,1
2001065,1006,1
2001067,1008,1
2001068,1009,1
2001069,1010,1
2001070,1011,1
2001071,1012,1
2001072,1013,1
2001076,1017,1
2001089,1030,1
2001090,1031,1
2001094,1035,1
2001107,1048,1
2001108,1001,1
2001117,1010,1
2001130,1023,1
2001133,1026,1
2001134,1027,1
2001135,1028,1
2001136,1029,1
2001137,1030,1
2001142,1035,1
2001151,1044,1
2001152,1045,1
2001153,1046,1
2001154,1047,1
2001163,1008,2
2001164,1009,1
2001166,1011,1
2001167,1012,1
2001173,1018,1
2001175,1020,1
2001183,1028,1
2001191,1036,1
2001204,1001,1
2001220,1017,1
2001221,1018,1
2001222,1019,1
2001223,1020,1
2001259,1008,1
2001260,1009,1
2001276,1025,1
2001277,1026,1
2001279,1028,1
2001280,1029,1
2001281,1030,1
2001282,1031,1
2001293,1042,1
2001295,1044,1
2001307,1008,1
2001308,1009,1
2001311,1012,1
2001312,1013,1
2001324,1025,1
2001325,1026,1
2001326,1027,1
2001330,1031,1
2001331,1032,1
2001342,1043,1
2001345,1046,1
2001346,1047,1
2001351,1004,1
2001352,1005,1
2001359,1012,3
2001362,1015,1
2001373,1026,1
2001376,1029,1
2001377,1030,1
2001382,1035,1
2001384,1037,1
2001389,1042,1
2001390,1043,1
2001391,1044,1
2001392,1045,1
2001394,1047,1
2001397,1002,1
2001408,1013,1
2001418,1023,1
2001419,1024,1
2001420,1025,1
2001421,1026,1
2001424,1029,1
2001425,1030,1
2001427,1032,1
2001431,1036,1
2001432,1037,1
2001433,1038,1
2001434,1039,1
2001440,1045,1
2001444,1001,1
2001446,1003,1
2001447,1004,1
2001453,1010,1
2001454,1011,1
2001455,1012,1
2001456,1013,1
2001457,1014,1
2001458,1015,1
2001460,1017,1
2001461,1018,1
2001462,1019,1
2001473,1030,1
2001482,1039,1
2001483,1040,1
2001484,1041,1
2001485,1042,1
2001486,1043,1
2001487,1044,1
2001488,1045,1
2001495,1004,1
2001498,1007,1
2001501,1010,1
2001504,1013,1
2001505,1014,1
2001514,1023,1
2001515,1024,1
2001517,1026,1
2001523,1032,1
2001524,1033,1
2001535,1044,1
2001536,1045,1
2001538,1047,1
2001539,1048,1
2001542,1003,1
2001551,1012,1
2001556,1017,1
2001572,1033,1
2001573,1034,1
2001581,1042,1
2001588,1001,1
2001589,1002,1
2001590,1003,1
2001592,1005,1
2001594,1007,1
2001597,1010,1
2001598,1011,1
2001599,1012,1
2001600,1013,1
2001602,1015,1
2001603,1016,1
2001604,1017,1
2001605,1018,1
2001606,1019,1
2001607,1020,1
2001610,1023,1
2001620,1033,1
2001621,1034,1
2001622,1035,1
2001627,1040,1
2001628,1041,1
2001639,1004,1
2001640,1005,1
2001642,1007,1
2001643,1008,1
2001646,1011,1
2001660,1025,1
2001661,1026,1
2001687,1004,1
2001690,1007,1
2001710,1027,1
2001711,1028,1
2001712,1029,1
2001713,1030,1
2001720,1037,1
2001721,1038,1
2001728,1045,1
2001729,1046,1
2001732,1001,1
2001736,1005,1
2001737,1006,1
2001744,1013,1
2001745,1014,1
2001761,1030,1
2001762,1031,1
2001779,1048,1
2001780,1001,1
2001781,1002,1
2001782,1003,1
2001783,1004,1
2001786,1007,1
2001787,1008,1
2001788,1009,1
2001789,1010,1
2001791,1012,1
2001806,1027,1
2001808,1029,1
2001822,1043,1
2001838,1011,1
2001839,1012,1
2001840,1013,1
2001841,1014,1
2001848,1021,1
2001849,1022,1
2001850,1023,1
2001851,1024,1
2001863,1036,1
2001864,1037,1
2001865,1038,1
2001880,1005,1
2001881,1006,1
2001882,1007,1
2001883,1008,2
2001893,1018,1
2001894,1019,1
2001897,1022,1
2001898,1023,1
2001908,1033,1
2001909,1034,1
2001910,1035,1
2001911,1036,1
2001912,1037,1
2001913,1038,1
2001915,1040,1
2001921,1046,1
2001924,1001,1
2001926,1003,1
2001930,1007,1
2001933,1010,1
2001942,1019,1
2001943,1020,1
2001946,1023,1
2001953,1030,1
2001954,1031,1
2001955,1032,1
2001958,1035,1
2001967,1044,1
2001968,1045,1
2001975,1004,1
2001980,1009,1
2001999,1028,1
2002000,1029,1
2002020,1001,1
2002030,1011,1
2002031,1012,1
2002032,1013,1
2002045,1026,1
2002046,1027,1
2002047,1028,1
2002048,1029,1
2002049,1030,1
2002060,1041,1
2002088,1021,1
2002089,1022,1
2002098,1031,1
2002100,1033,1
2002101,1034,1
2002102,1035,1
2002103,1036,1
2002104,1037,1
2002114,1047,1
2002121,1006,1
2002130,1015,1
2002131,1016,1
2002132,1017,1
2002140,1025,1
2002141,1026,1
2002147,1032,1
2002150,1035,1
2002152,1037,1
2002159,1044,1
2002160,1045,1
2002161,1046,1
2002162,1047,1
2002163,1048,1
2002167,1004,1
2002168,1005,1
2002169,1006,1
2002170,1007,1
2002176,1013,1
2002182,1019,1
2002183,1020,1
2002189,1026,1
2002192,1029,1
2002195,1032,1
2002196,1033,1
2002200,1037,1
2002201,1038,1
2002202,1039,1
2002203,1040,1
2002208,1045,1
2002209,1046,1
2002210,1047,1
2002248,1037,1
2002249,1038,1
2002250,1039,1
2002251,1040,1
2002252,1041,1
2002253,1042,1
2002262,1003,1
2002266,1007,1
2002267,1008,1
2002276,1017,1
2002292,1033,1
2002303,1044,1
2002306,1047,1
2002314,1007,1
2002315,1008,1
2002318,1011,1
2002319,1012,1
2002323,1016,1
2002324,1017,1
2002325,1018,1
2002327,1020,1
2002328,1021,1
2002333,1026,1
2002337,1030,1
2002340,1033,1
2002347,1040,1
2002350,1043,1
2002351,1044,1
2002360,1005,1
2002361,1006,1
2002362,1007,1
2002363,1008,1
2002364,1009,1
2002365,1010,1
2002369,1014,1
2002370,1015,1
2002371,1016,1
2002378,1023,1
2002383,1028,1
2002387,1032,1
2002401,1046,1
2002414,1011,1
2002415,1012,1
2002420,1017,1
2002421,1018,1
2002430,1027,1
2002431,1028,1
2002432,1029,1
2002433,1030,1
2002438,1035,1
2002439,1036,1
2002440,1037,1
2002450,1047,1
2002452,1001,1
2002453,1002,1
2002458,1007,1
2002461,1010,1
2002465,1014,1
2002466,1015,1
2002467,1016,1
2002468,1017,1
2002470,1019,1
2002471,1020,1
2002475,1024,1
2002476,1025,1
2002483,1032,1
2002484,1033,1
2002493,1042,1
2002494,1043,1
2002495,1044,1
2002496,1045,1
2002497,1046,1
2002498,1047,1
2002516,1017,1
2002522,1023,1
2002529,1030,1
2002539,1040,1
2002553,1006,1
2002554,1007,1
2002555,1008,1
2002565,1018,1
2002566,1019,1
2002567,1020,1
2002568,1021,1
2002569,1022,1
2002572,1025,1
2002573,1026,1
2002574,1027,1
2002583,1036,1
2002584,1037,1
2002591,1044,1
2002593,1046,1
2002595,1048,1
2002596,1001,1
2002606,1011,1
2002607,1012,1
2002609,1014,1
2002610,1015,1
2002611,1016,1
2002612,1017,1
2002634,1039,1
2002635,1040,1
2002636,1041,1
2002637,1042,1
2002638,1043,1
2002639,1044,1
2002644,1001,1
2002645,1002,1
2002653,1010,1
2002654,1011,1
2002661,1018,1
2002667,1024,1
2002668,1025,1
2002669,1026,1
2002671,1028,1
2002673,1030,1
2002674,1031,1
2002684,1041,1
2002686,1043,1
2002687,1044,1
2002688,1045,1
2002701,1010,1
2002702,1011,1
2002715,1024,1
2002731,1040,1
2002733,1042,1
2002735,1044,1
2002736,1045,1
2002740,1001,1
2002741,1002,1
2002742,1003,1
2002743,1004,1
2002744,1005,1
2002745,1006,1
2002748,1009,1
2002750,1011,1
2002757,1018,1
2002788,1001,1
2002793,1006,1
2002794,1007,1
2002795,1008,1
2002804,1017,1
2002816,1029,1
2002819,1032,1
2002820,1033,1
2002822,1035,1
2002833,1046,1
2002848,1013,1
2002852,1017,1
2002854,1019,1
2002855,1020,1
2002862,1027,1
2002879,1044,1
2002890,1007,1
2002891,1008,1
2002892,1009,1
2002893,1010,1
2002894,1011,1
2002895,1012,1
2002896,1013,1
2002897,1014,1
2002898,1015,1
2002899,1016,1
2002900,1017,1
2002902,1019,1
2002914,1031,1
2002915,1032,1
2002917,1034,1
2002920,1037,1
2002921,1038,1
2002922,1039,1
2002937,1006,1
2002938,1007,1
2002940,1009,1
2002941,1010,1
2002951,1020,1
2002952,1021,1
2002954,1023,1
2002955,1024,1
2002956,1025,1
2002961,1030,1
2002966,1035,1
2002970,1039,1
2002971,1040,1
2002972,1041,1
2002974,1043,1
2002987,1008,1
2002988,1009,1
2002992,1013,1
2003012,1033,1
2003013,1034,1
2003030,1003,1
2003031,1004,1
2003050,1023,1
2003051,1024,1
2003054,1027,1
2003061,1034,1
2003075,1048,1
2003077,1002,1
2003079,1004,1
2003081,1006,1
2003082,1007,1
2003092,1017,1
2003093,1018,1
2003108,1033,1
2003109,1034,1
2003111,1036,1
2003112,1037,1
2003118,1043,1
2003123,1048,1
2003129,1006,1
2003137,1014,1
2003138,1015,1
2003139,1016,1
2003141,1018,1
2003161,1038,1
2003162,1039,1
2003163,1040,1
2003179,1008,1
2003180,1009,1
2003190,1019,1
2003214,1043,1
2003233,1014,1
2003234,1015,1
2003235,1016,1
2003236,1017,1
2003237,1018,1
2003242,1023,1
2003247,1028,1
2003260,1041,1
2003267,1048,1
2003268,1001,1
2003280,1013,1
2003291,1024,1
2003292,1025,1
2003295,1028,1
2003297,1030,1
2003300,1033,1
2003307,1040,1
2003345,1030,1
2003355,1040,1
2003356,1041,1
2003357,1042,1
2003358,1043,1
2003363,1048,1
2003378,1015,1
2003379,1016,1
2003380,1017,1
2003388,1025,1
2003402,1039,1
2003410,1047,1
2003411,1048,1
2003412,1001,1
2003414,1003,1
2003424,1013,1
2003426,1015,1
2003428,1017,1
2003435,1024,1
2003440,1029,1
2003441,1030,1
2003451,1040,1
2003471,1012,1
2003474,1015,1
2003475,1016,1
2003476,1017,1
2003477,1018,1
2003482,1023,1
2003483,1024,1
2003484,1025,1
2003488,1029,1
2003493,1034,1
2003499,1040,1
2003501,1042,1
2003507,1048,1
2003512,1005,1
2003513,1006,1
2003514,1007,2
2003516,1009,1
2003518,1011,1
2003524,1017,1
2003527,1020,1
2003529,1022,1
2003533,1026,1
2003534,1027,1
2003535,1028,1
2003536,1029,1
2003539,1032,1
2003553,1046,1
2003554,1047,1
2003555,1048,1
2003556,1001,1
2003574,1019,1
2003578,1023,1
2003579,1024,1
2003587,1032,1
2003590,1035,1
2003591,1036,1
2003592,1037,1
2003593,1038,1
2003594,1039,1
2003595,1040,1
2003596,1041,1
2003597,1042,1
2003598,1043,1
2003599,1044,1
2003600,1045,1
2003601,1046,1
2003602,1047,1
2003603,1048,1
2003604,1001,1
2003605,1002,1
2003606,1003,1
2003607,1004,1
2003608,1005,1
2003609,1006,1
2003610,1007,1
2003611,1008,1
2003612,1009,1
2003613,1010,1
2003614,1011,1
2003615,1012,1
2003616,1013,1
2003617,1014,1
2003618,1015,1
2003619,1016,1
2003620,1017,1
2003623,1020,1
2003624,1021,1
2003625,1022,1
2003626,1023,1
2003627,1024,1
2003629,1026,1
2003630,1027,1
2003631,1028,1
2003632,1029,1
2003633,1030,1
2003634,1031,1
2003636,1033,1
2003637,1034,1
2003639,1036,1
2003640,1037,1
2003641,1038,1
2003642,1039,1
2003643,1040,1
2003644,1041,1
2003647,1044,1
2003648,1045,1
2003650,1047,1
2003651,1048,1
2003652,1001,1
2003653,1002,1
2003654,1003,1
2003656,1005,1
2003657,1006,1
2003658,1007,1
2003659,1008,1
2003660,1009,1
2003661,1010,1
2003663,1012,1
2003664,1013,1
2003665,1014,1
2003667,1016,1
2003668,1017,1
2003669,1018,1
2003671,1020,1
2003672,1021,1
2003673,1022,1
2003674,1023,1
2003675,1024,1
2003676,1025,1
2003677,1026,1
2003678,1027,1
2003679,1028,1
2003681,1030,1
2003682,1031,1
2003683,1032,1
2003685,1034,1
2003686,1035,1
2003687,1036,1
2003690,1039,1
2003691,1040,1
2003693,1042,1
2003694,1043,1
2003695,1044,1
2003696,1045,1
2003697,1046,1
2003698,1047,1
2003699,1048,1
2003700,1001,1
2003701,1002,1
2003702,1003,1
2003703,1004,1
2003706,1007,1
2003707,1008,1
2003708,1009,1
2003709,1010,1
2003710,1011,1
2003711,1012,1
2003712,1013,1
2003713,1014,1
2003714,1015,1
2003715,1016,1
2003716,1017,1
2003717,1018,1
2003718,1019,1
2003719,1020,1
2003720,1021,1
2003721,1022,1
2003723,1024,1
2003724,1025,1
2003725,1026,1
2003727,1028,1
2003728,1029,1
2003729,1030,1
2003730,1031,1
2003731,1032,1
2003733,1034,1
2003734,1035,1
2003735,1036,1
2003737,1038,1
2003738,1039,1
2003739,1040,1
2003740,1041,1
2003741,1042,1
2003742,1043,1
2003743,1044,1
2003745,1046,1
2003746,1047,1
2003747,1048,1
2003748,1001,1
2003749,1002,1
2003752,1005,1
2003753,1006,1
2003755,1008,1
2003756,1009,1
2003757,1010,1
2003758,1011,1
2003759,1012,1
2003760,1013,1
2003763,1016,1
2003764,1017,1
2003765,1018,1
2003767,1020,1
2003768,1021,1
2003769,1022,1
2003770,1023,1
2003771,1024,1
2003772,1025,1
2003773,1026,1
2003774,1027,1
2003776,1029,1
2003777,1030,1
2003778,1031,1
2003779,1032,1
2003782,1035,1
2003783,1036,1
2003784,1037,1
2003785,1038,1
2003786,1039,1
2003787,1040,1
2003788,1041,1
2003789,1042,1
2003790,1043,1
2003791,1044,1
2003792,1045,1
2003793,1046,1
2003794,1047,1
2003795,1048,1
2003796,1001,1
2003798,1003,1
2003799,1004,1
2003800,1005,1
2003801,1006,1
2003802,1007,1
2003804,1009,1
2003805,1010,1
2003806,1011,1
2003807,1012,1
2003808,1013,1
2003809,1014,1
2003810,1015,1
2003812,1017,1
2003813,1018,1
2003814,1019,1
2003815,1020,1
2003816,1021,1
2003817,1022,1
2003818,1023,1
2003819,1024,1
2003820,1025,1
2003821,1026,1
2003822,1027,1
2003823,1028,1
2003824,1029,1
2003826,1031,1
2003827,1032,1
2003828,1033,1
2003829,1034,1
2003830,1035,1
2003831,1036,1
2003832,1037,1
2003833,1038,1
2003834,1039,1
2003835,1040,1
2003836,1041,1
2003837,1042,1
2003838,1043,1
2003839,1044,1
2003840,1045,1
2003841,1046,1
2003842,1047,1
2003843,1048,1
2003845,1002,1
2003847,1004,1
2003849,1006,1
2003850,1007,1
2003851,1008,1
2003852,1009,1
2003853,1010,1
2003854,1011,1
2003856,1013,1
2003857,1014,1
2003858,1015,1
2003859,1016,1
2003861,1018,1
2003862,1019,1
2003863,1020,1
2003864,1021,1
2003865,1022,1
2003866,1023,1
2003867,1024,1
2003868,1025,1
2003869,1026,1
2003870,1027,1
2003871,1028,1
2003872,1029,1
2003873,1030,1
2003874,1031,1
2003875,1032,1
2003876,1033,1
2003877,1034,1
2003878,1035,1
2003879,1036,1
2003880,1037,1
2003881,1038,1
2003883,1040,1
2003884,1041,1
2003885,1042,1
2003886,1043,1
2003887,1044,1
2003888,1045,1
2003889,1046,1
2003890,1047,1
2003892,1001,1
2003893,1002,1
2003894,1003,1
2003895,1004,1
2003896,1005,1
2003897,1006,1
2003898,1007,1
2003899,1008,1
2003900,1009,1
2003901,1010,1
2003902,1011,1
2003903,1012,1
2003905,1014,1
2003906,1015,1
2003907,1016,1
2003908,1017,1
2003910,1019,1
2003911,1020,1
2003912,1021,1
2003913,1022,1
2003914,1023,1
2003915,1024,1
2003916,1025,1
2003917,1026,1
2003918,1027,1
2003919,1028,1
2003920,1029,1
2003921,1030,1
2003923,1032,1
2003924,1033,1
2003925,1034,1
2003926,1035,1
2003927,1036,1
2003928,1037,1
2003929,1038,1
2003930,1039,1
2003931,1040,1
2003933,1042,1
2003934,1043,1
2003935,1044,1
2003936,1045,1
2003938,1047,1
2003939,1048,1
2003940,1001,1
2003941,1002,1
2003942,1003,1
2003943,1004,1
2003944,1005,1
2003945,1006,1
2003946,1007,1
2003948,1009,1
2003950,1011,1
2003951,1012,1
2003952,1013,1
2003954,1015,1
2003956,1017,1
2003957,1018,1
2003961,1022,1
2003962,1023,1
2003963,1024,1
2003964,1025,1
2003967,1028,1
2003968,1029,1
2003969,1030,1
2003970,1031,1
2003971,1032,1
2003972,1033,1
2003973,1034,1
2003974,1035,1
2003975,1036,1
2003976,1037,1
2003977,1038,1
2003981,1042,1
2003982,1043,1
2003983,1044,1
2003984,1045,1
2003987,1048,1
2003989,1002,1
2003991,1004,1
2003992,1005,1
2003993,1006,1
2003994,1007,1
2003995,1008,1
2003996,1009,1
2003998,1011,1
2003999,1012,1
2004000,1013,1
2004001,1014,1
2004002,1015,1
2004003,1016,1
2004004,1017,1
2004005,1018,1
2004006,1019,1
2004007,1020,1
2004009,1022,1
2004011,1024,1
2004012,1025,1
2004013,1026,1
2004015,1028,1
2004016,1029,1
2004024,1037,1
2004025,1038,1
2004027,1040,1
2004028,1041,1
2004029,1042,1
2004030,1043,1
2004031,1044,1
2004032,1045,1
2004033,1046,1
2004034,1047,1
2004035,1048,1
2004036,1001,1
2004043,1008,1
2004044,1009,1
2004045,1010,1
2004046,1011,2
2004048,1013,1
2004050,1015,1
2004051,1016,1
2004053,1018,1
2004055,1020,1
2004056,1021,1
2004057,1022,1
2004058,1023,1
2004061,1026,1
2004062,1027,1
2004063,1028,1
2004064,1029,1
2004065,1030,1
2004066,1031,1
2004067,1032,1
2004068,1033,1
2004069,1034,1
2004070,1035,1
2004071,1036,1
2004073,1038,1
2004075,1040,1
2004076,1041,1
2004077,1042,1
2004086,1003,1
2004087,1004,1
2004088,1005,1
2004090,1007,1
2004091,1008,1
2004093,1010,1
2004095,1012,1
2004100,1017,1
2004101,1018,1
2004102,1019,1
2004103,1020,1
2004104,1021,1
2004105,1022,1
2004107,1024,1
2004108,1025,1
2004109,1026,1
2004110,1027,1
2004111,1028,1
2004112,1029,1
2004113,1030,1
2004114,1031,1
2004115,1032,1
2004116,1033,1
2004117,1034,1
2004118,1035,1
2004119,1036,1
2004120,1037,1
2004121,1038,1
2004122,1039,1
2004123,1040,1
2004124,1041,1
2004125,1042,1
2004126,1043,1
2004127,1044,1
2004128,1045,1
2004129,1046,1
2004130,1047,1
2004131,1048,1
2004132,1001,2
2004133,1002,1
2004134,1003,1
2004135,1004,1
2004137,1006,1
2004138,1007,1
2004139,1008,1
2004142,1011,1
2004145,1014,1
2004146,1015,1
2004147,1016,1
2004148,1017,1
2004149,1018,1
2004150,1019,1
2004151,1020,1
2004152,1021,1
2004153,1022,1
2004154,1023,1
2004155,1024,1
2004156,1025,1
2004157,1026,1
2004158,1027,1
2004159,1028,1
2004160,1029,1
2004161,1030,1
2004162,1031,1
2004163,1032,1
2004164,1033,1
2004165,1034,1
2004167,1036,1
2004169,1038,1
2004170,1039,1
2004173,1042,1
2004175,1044,1
2004177,1046,1
2004178,1047,1
2004179,1048,1
2004180,1001,1
2004182,1003,1
2004183,1004,1
2004185,1006,1
2004189,1010,1
2004190,1011,1
2004191,1012,1
2004193,1014,1
2004194,1015,1
2004195,1016,1
2004196,1017,1
2004197,1018,1
2004200,1021,1
2004201,1022,2
2004202,1023,1
2004203,1024,1
2004204,1025,1
2004205,1026,1
2004206,1027,1
2004207,1028,1
2004208,1029,1
2004209,1030,1
2004210,1031,1
2004211,1032,1
2004212,1033,1
2004213,1034,1
2004214,1035,1
2004215,1036,1
2004216,1037,1
2004217,1038,1
2004218,1039,1
2004219,1040,1
2004220,1041,1
2004221,1042,1
2004223,1044,1
2004224,1045,1
2004225,1046,1
2004226,1047,1
2004229,1002,1
2004230,1003,1
2004231,1004,1
2004232,1005,1
2004233,1006,1
2004234,1007,1
2004235,1008,1
2004236,1009,1
2004237,1010,1
2004238,1011,1
2004239,1012,1
2004240,1013,1
2004241,1014,1
2004242,1015,1
2004243,1016,1
2004244,1017,1
2004245,1018,1
2004246,1019,1
2004247,1020,1
2004250,1023,1
2004251,1024,1
2004252,1025,1
2004253,1026,1
2004254,1027,1
2004255,1028,1
2004256,1029,1
2004258,1031,1
2004259,1032,1
2004260,1033,2
2004261,1034,1
2004262,1035,1
2004263,1036,1
2004264,1037,1
2004268,1041,1
2004269,1042,1
2004270,1043,1
2004271,1044,1
2004272,1045,1
2004273,1046,1
2004274,1047,1
2004275,1048,1
2004276,1001,1
2004279,1004,1
2004280,1005,1
2004281,1006,1
2004282,1007,1
2004283,1008,1
2004284,1009,1
2004285,1010,1
2004286,1011,1
2004288,1013,1
2004289,1014,1
2004291,1016,1
2004292,1017,1
2004293,1018,1
2004294,1019,1
2004295,1020,1
2004296,1021,1
2004297,1022,1
2004298,1023,1
2004300,1025,1
2004301,1026,1
2004302,1027,1
2004303,1028,1
2004304,1029,1
2004305,1030,1
2004306,1031,1
2004307,1032,1
2004308,1033,1
2004309,1034,1
2004310,1035,1
2004311,1036,1
2004313,1038,1
2004314,1039,1
2004315,1040,1
2004316,1041,1
2004317,1042,1
2004318,1043,1
2004319,1044,1
2004320,1045,1
2004323,1048,1
2004324,1001,1
2004325,1002,1
2004326,1003,1
2004327,1004,1
2004328,1005,1
2004329,1006,1
2004330,1007,1
2004331,1008,1
2004332,1009,1
2004333,1010,1
2004334,1011,1
2004335,1012,1
2004336,1013,1
2004337,1014,1
2004339,1016,1
2004340,1017,1
2004341,1018,1
2004342,1019,1
2004343,1020,1
2004344,1021,1
2004345,1022,1
2004346,1023,1
2004347,1024,1
2004348,1025,1
2004349,1026,1
2004350,1027,1
2004351,1028,1
2004352,1029,1
2004353,1030,1
2004354,1031,1
2004355,1032,1
2004356,1033,1
2004358,1035,1
2004359,1036,1
2004360,1037,1
2004361,1038,1
2004362,1039,1
2004363,1040,1
2004364,1041,1
2004365,1042,1
2004366,1043,1
2004367,1044,1
2004368,1045,1
2004369,1046,1
2004370,1047,1
2004371,1048,1
2004372,1001,1
2004373,1002,1
2004374,1003,1
2004377,1006,1
2004378,1007,1
2004379,1008,1
2004380,1009,1
2004382,1011,1
2004383,1012,1
2004384,1013,1
2004385,1014,1
2004386,1015,1
2004387,1016,1
2004388,1017,1
2004389,1018,1
2004390,1019,1
2004391,1020,1
2004392,1021,1
2004393,1022,1
2004394,1023,1
2004395,1024,1
2004396,1025,1
2004397,1026,1
2004398,1027,1
2004399,1028,1
2004400,1029,1
2004401,1030,1
2004402,1031,1
2004403,1032,1
2004404,1033,1
2004405,1034,1
2004406,1035,1
2004407,1036,1
2004408,1037,1
2004409,1038,1
2004410,1039,1
2004411,1040,1
2004412,1041,1
2004415,1044,1
2004416,1045,1
2004417,1046,1
2004418,1047,1
2004419,1048,1
2004420,1001,1
2004421,1002,1
2004423,1004,1
2004424,1005,1
2004425,1006,1
2004427,1008,1
2004428,1009,1
2004429,1010,1
2004430,1011,1
2004431,1012,1
2004432,1013,1
2004433,1014,1
2004434,1015,1
2004435,1016,1
2004436,1017,1
2004437,1018,1
2004440,1021,1
2004441,1022,1
2004442,1023,1
2004443,1024,1
2004444,1025,1
2004445,1026,1
2004446,1027,2
2004448,1029,1
2004449,1030,1
2004450,1031,1
2004451,1032,1
2004452,1033,1
2004453,1034,1
2004454,1035,1
2004455,1036,1
2004458,1039,1
2004459,1040,1
2004460,1041,1
2004461,1042,1
2004462,1043,1
2004463,1044,1
2004464,1045,1
2004465,1046,1
2004466,1047,1
2004468,1001,1
2004469,1002,1
2004470,1003,1
2004471,1004,1
2004472,1005,1
2004473,1006,1
2004474,1007,1
2004475,1008,1
2004476,1009,1
2004477,1010,1
2004478,1011,1
2004479,1012,1
2004481,1014,1
2004482,1015,1
2004483,1016,1
2004484,1017,1
2004485,1018,1
2004486,1019,1
2004487,1020,1
2004488,1021,1
2004489,1022,1
2004491,1024,1
2004492,1025,1
2004493,1026,1
2004494,1027,1
2004495,1028,1
2004496,1029,1
2004497,1030,1
2004498,1031,1
2004499,1032,1
2004500,1033,1
2004501,1034,1
2004502,1035,1
2004503,1036,1
2004504,1037,1
2004505,1038,1
2004506,1039,2
2004508,1041,1
2004509,1042,1
2004510,1043,1
2004511,1044,1
2004512,1045,1
2004513,1046,1
2004514,1047,1
2004515,1048,1
2004516,1001,1
2004518,1003,1
2004519,1004,1
2004520,1005,1
2004521,1006,1
2004522,1007,1
2004523,1008,1
2004526,1011,1
2004527,1012,1
2004528,1013,1
2004529,1014,1
2004530,1015,1
2004531,1016,1
2004532,1017,1
2004533,1018,1
2004536,1021,1
2004537,1022,1
2004538,1023,1
2004539,1024,1
2004540,1025,1
2004541,1026,1
2004542,1027,2
2004543,1028,1
2004544,1029,1
2004545,1030,1
2004546,1031,1
2004547,1032,1
2004550,1035,1
2004551,1036,1
2004552,1037,1
2004553,1038,1
2004554,1039,1
2004555,1040,1
2004556,1041,1
2004557,1042,1
2004558,1043,1
2004559,1044,1
2004560,1045,1
2004561,1046,1
2004562,1047,1
2004565,1002,1
2004566,1003,1
2004567,1004,1
2004568,1005,1
2004569,1006,1
2004570,1007,1
2004572,1009,1
2004573,1010,1
2004574,1011,1
2004575,1012,2
2004576,1013,1
2004577,1014,1
2004578,1015,1
2004579,1016,1
2004580,1017,1
2004581,1018,1
2004582,1019,1
2004583,1020,1
2004584,1021,1
2004585,1022,1
2004586,1023,1
2004587,1024,1
2004588,1025,1
2004590,1027,1
2004591,1028,1
2004592,1029,1
2004593,1030,1
2004594,1031,1
2004598,1035,1
2004599,1036,1
2004600,1037,1
2004601,1038,1
2004603,1040,1
2004604,1041,1
2004605,1042,1
2004608,1045,1
2004609,1046,1
2004610,1047,1
2004611,1048,1
2004612,1001,1
2004613,1002,1
2004614,1003,1
2004616,1005,1
2004617,1006,1
2004618,1007,1
2004619,1008,1
2004620,1009,5
2004621,1010,1
2004622,1011,1
2004624,1013,1
2004625,1014,1
2004626,1015,1
2004627,1016,1
2004628,1017,1
2004629,1018,1
2004630,1019,1
2004631,1020,1
2004632,1021,1
2004633,1022,1
2004634,1023,1
2004635,1024,1
2004636,1025,1
2004637,1026,1
2004638,1027,1
2004639,1028,1
2004642,1031,1
2004643,1032,1
2004644,1033,1
2004645,1034,1
2004646,1035,1
2004647,1036,1
2004648,1037,1
2004649,1038,1
2004650,1039,1
2004651,1040,1
2004652,1041,1
2004653,1042,1
2004654,1043,1
2004656,1045,1
2004657,1046,1
2004658,1047,1
2004659,1048,1
2004660,1001,1
2004661,1002,1
2004662,1003,1
2004663,1004,1
2004664,1005,1
2004665,1006,1
2004666,1007,1
2004667,1008,1
2004669,1010,1
2004670,1011,1
2004671,1012,1
2004672,1013,1
2004673,1014,1
2004674,1015,1
2004675,1016,1
2004676,1017,1
2004677,1018,1
2004678,1019,1
2004679,1020,1
2004680,1021,1
2004681,1022,1
2004682,1023,1
2004683,1024,4
2004684,1025,1
2004685,1026,1
2004686,1027,1
2004687,1028,1
2004689,1030,1
2004690,1031,1
2004691,1032,1
2004692,1033,1
2004693,1034,1
2004694,1035,1
2004695,1036,1
2004696,1037,1
2004697,1038,1
2004698,1039,1
2004699,1040,1
2004700,1041,1
2004701,1042,1
2004702,1043,1
2004703,1044,1
2004704,1045,1
2004705,1046,1
2004708,1001,1
2004709,1002,1
2004710,1003,1
2004711,1004,1
2004712,1005,1
2004713,1006,1
2004714,1007,3
2004715,1008,1
2004716,1009,1
2004718,1011,1
2004719,1012,1
2004720,1013,1
2004721,1014,1
2004722,1015,1
2004723,1016,1
2004724,1017,1
2004725,1018,1
2004728,1021,1
2004729,1022,1
2004730,1023,1
2004731,1024,1
2004732,1025,1
2004733,1026,1
2004734,1027,1
2004735,1028,1
2004736,1029,1
2004737,1030,1
2004738,1031,1
2004741,1034,1
2004742,1035,1
2004743,1036,1
2004744,1037,1
2004748,1041,1
2004749,1042,1
2004750,1043,1
2004751,1044,1
2004752,1045,1
2004753,1046,1
2004754,1047,1
2004755,1048,1
2004756,1001,1
2004757,1002,1
2004758,1003,1
2004759,1004,1
2004762,1007,1
2004763,1008,1
2004764,1009,1
2004765,1010,1
2004766,1011,1
2004768,1013,2
2004769,1014,1
2004770,1015,1
2004773,1018,1
2004774,1019,1
2004775,1020,1
2004776,1021,1
2004777,1022,1
2004778,1023,1
2004779,1024,1
2004780,1025,1
2004782,1027,1
2004783,1028,1
2004784,1029,1
2004785,1030,1
2004786,1031,1
2004787,1032,1
2004788,1033,1
2004789,1034,1
2004790,1035,1
2004791,1036,1
2004792,1037,1
2004793,1038,1
2004794,1039,1
2004795,1040,1
2004796,1041,1
2004799,1044,1
2004800,1045,1
2004801,1046,1
2004802,1047,1
2004803,1048,1
2004804,1001,1
2004805,1002,1
2004806,1003,1
2004807,1004,1
2004808,1005,1
2004809,1006,1
2004810,1007,1
2004811,1008,1
2004814,1011,1
2004815,1012,1
2004816,1013,1
2004817,1014,1
2004818,1015,1
2004819,1016,1
2004820,1017,1
2004821,1018,1
2004822,1019,1
2004823,1020,1
2004826,1023,1
2004827,1024,1
2004828,1025,1
2004829,1026,1
2004830,1027,1
2004831,1028,1
2004832,1029,1
2004833,1030,1
2004834,1031,1
2004835,1032,1
2004836,1033,1
2004837,1034,3
2004839,1036,1
2004840,1037,1
2004841,1038,1
2004842,1039,1
2004843,1040,1
2004844,1041,1
2004845,1042,1
2004846,1043,1
2004847,1044,1
2004848,1045,1
2004849,1046,1
2004850,1047,1
2004851,1048,1
2004852,1001,1
2004853,1002,1
2004854,1003,1
2004855,1004,1
2004856,1005,1
2004857,1006,1
2004858,1007,1
2004859,1008,1
2004860,1009,1
2004861,1010,1
2004862,1011,1
2004864,1013,1
2004865,1014,1
2004866,1015,1
2004867,1016,1
2004868,1017,1
2004869,1018,1
2004871,1020,1
2004872,1021,1
2004873,1022,1
2004874,1023,1
2004875,1024,1
2004876,1025,1
2004878,1027,1
2004879,1028,1
2004880,1029,1
2004882,1031,1
2004883,1032,1
2004884,1033,1
2004885,1034,1
2004887,1036,1
2004888,1037,1
2004889,1038,1
2004890,1039,1
2004891,1040,1
2004892,1041,1
2004893,1042,1
2004894,1043,1
2004895,1044,1
2004896,1045,1
2004897,1046,1
2004898,1047,1
2004899,1048,1
2004901,1002,1
2004902,1003,1
2004903,1004,1
2004904,1005,1
2004905,1006,1
2004906,1007,1
2004907,1008,1
2004908,1009,1
2004909,1010,1
2004910,1011,1
2004911,1012,1
2004912,1013,1
2004913,1014,1
2004914,1015,1
2004915,1016,1
2004916,1017,1
2004917,1018,1
2004918,1019,1
2004919,1020,1
2004920,1021,1
2004921,1022,1
2004924,1025,1
2004925,1026,1
2004926,1027,1
2004927,1028,1
2004928,1029,1
2004929,1030,1
2004931,1032,1
2004935,1036,1
2004936,1037,1
2004937,1038,1
2004938,1039,1
2004941,1042,1
2004942,1043,1
2004943,1044,2
2004944,1045,1
2004945,1046,1
2004946,1047,1
2004948,1001,1
2004949,1002,1
2004950,1003,1
2004951,1004,1
2004953,1006,1
2004954,1007,1
2004955,1008,1
2004956,1009,1
2004957,1010,1
2004958,1011,1
2004959,1012,1
2004960,1013,1
2004961,1014,1
2004962,1015,1
2004964,1017,1
2004965,1018,1
2004966,1019,1
2004967,1020,1
2004968,1021,1
2004969,1022,1
2004970,1023,1
2004971,1024,1
2004972,1025,1
2004973,1026,1
2004974,1027,1
2004975,1028,1
2004978,1031,1
2004979,1032,1
2004980,1033,1
2004981,1034,1
2004982,1035,1
2004983,1036,1
2004984,1037,1
2004985,1038,1
2004986,1039,1
2004987,1040,1
2004988,1041,1
2004989,1042,1
2004990,1043,1
2004991,1044,1
2004993,1046,1
2004994,1047,1
2004995,1048,1
2004996,1001,1
2004997,1002,1
2005000,1005,1
2005001,1006,1
2005002,1007,1
2005005,1010,1
2005006,1011,1
2005007,1012,1
2005008,1013,1
2005009,1014,1
2005010,1015,1
2005012,1017,1
2005013,1018,1
2005014,1019,1
2005015,1020,1
2005016,1021,1
2005017,1022,1
2005018,1023,1
2005019,1024,1
2005021,1026,1
2005022,1027,1
2005023,1028,1
2005024,1029,1
2005025,1030,1
2005026,1031,1
2005027,1032,1
2005028,1033,1
2005029,1034,1
2005030,1035,1
2005031,1036,1
2005034,1039,1
2005035,1040,1
2005036,1041,1
2005037,1042,1
2005038,1043,1
2005039,1044,1
2005040,1045,1
2005041,1046,1
2005042,1047,1
2005043,1048,1
2005044,1001,1
2005045,1002,1
2005046,1003,1
2005047,1004,1
2005048,1005,1
2005049,1006,1
2005050,1007,1
2005051,1008,1
2005052,1009,1
2005053,1010,1
2005054,1011,1
2005055,1012,1
2005056,1013,1
2005058,1015,1
2005059,1016,1
2005060,1017,1
2005062,1019,1
2005063,1020,1
2005064,1021,1
2005065,1022,1
2005067,1024,1
2005068,1025,1
2005069,1026,1
2005070,1027,1
2005071,1028,1
2005072,1029,1
2005074,1031,1
2005075,1032,1
2005076,1033,1
2005077,1034,1
2005079,1036,1
2005080,1037,1
2005081,1038,1
2005082,1039,1
2005083,1040,1
2005084,1041,1
2005085,1042,1
2005086,1043,1
2005087,1044,1
2005088,1045,1
2005089,1046,1
2005090,1047,1
2005091,1048,1
2005092,1001,1
2005093,1002,1
2005094,1003,1
2005095,1004,1
2005096,1005,1
2005097,1006,1
2005098,1007,1
2005099,1008,1
2005100,1009,1
2005101,1010,1
2005102,1011,1
2005103,1012,1
2005104,1013,1
2005105,1014,2
2005106,1015,1
2005107,1016,1
2005108,1017,1
2005109,1018,1
2005110,1019,1
2005111,1020,1
2005112,1021,1
2005114,1023,1
2005115,1024,1
2005116,1025,1
2005117,1026,1
2005118,1027,1
2005119,1028,1
2005122,1031,1
2005123,1032,1
2005124,1033,1
2005125,1034,1
2005126,1035,1
2005127,1036,1
2005128,1037,1
2005129,1038,1
2005130,1039,1
2005131,1040,1
2005132,1041,1
2005133,1042,1
2005134,1043,1
2005135,1044,1
2005140,1001,1
2005141,1002,1
2005142,1003,1
2005143,1004,1
2005144,1005,1
2005145,1006,1
2005146,1007,1
2005147,1008,1
2005149,1010,1
2005151,1012,1
2005152,1013,1
2005153,1014,1
2005155,1016,1
2005156,1017,1
2005157,1018,1
2005158,1019,1
2005160,1021,1
2005161,1022,1
2005162,1023,1
2005163,1024,1
2005164,1025,2
2005166,1027,1
2005167,1028,1
2005169,1030,1
2005170,1031,1
2005171,1032,1
2005172,1033,1
2005173,1034,1
2005174,1035,1
2005176,1037,1
2005177,1038,1
2005178,1039,1
2005180,1041,1
2005181,1042,1
2005182,1043,1
2005184,1045,1
2005185,1046,1
2005186,1047,1
2005187,1048,1
2005188,1001,1
2005190,1003,1
2005191,1004,1
2005192,1005,1
2005193,1006,1
2005194,1007,1
2005195,1008,1
2005196,1009,1
2005197,1010,1
2005198,1011,1
2005199,1012,1
2005202,1015,1
2005204,1017,1
2005205,1018,1
2005206,1019,1
2005208,1021,1
2005209,1022,1
2005210,1023,1
2005211,1024,1
2005214,1027,3
2005215,1028,1
2005216,1029,1
2005217,1030,1
2005219,1032,1
2005221,1034,1
2005223,1036,1
2005224,1037,1
2005225,1038,1
2005226,1039,1
2005227,1040,1
2005228,1041,1
2005229,1042,1
2005230,1043,1
2005231,1044,1
2005233,1046,1
2005234,1047,1
2005235,1048,1
2005236,1001,1
2005237,1002,1
2005240,1005,1
2005241,1006,1
2005243,1008,1
2005244,1009,1
2005246,1011,1
2005247,1012,1
2005248,1013,1
2005249,1014,1
2005252,1017,1
2005253,1018,1
2005254,1019,1
2005255,1020,1
2005256,1021,1
2005257,1022,1
2005258,1023,1
2005259,1024,1
2005261,1026,1
2005262,1027,1
2005263,1028,1
2005264,1029,1
2005265,1030,1
2005266,1031,1
2005267,1032,1
2005268,1033,1
2005269,1034,1
2005271,1036,1
2005272,1037,1
2005273,1038,1
2005274,1039,1
2005275,1040,1
2005276,1041,1
2005277,1042,1
2005278,1043,1
2005279,1044,1
2005280,1045,1
2005281,1046,1
2005282,1047,1
2005283,1048,1
2005284,1001,1
2005285,1002,1
2005286,1003,1
2005288,1005,1
2005289,1006,1
2005291,1008,1
2005292,1009,1
2005293,1010,1
2005294,1011,1
2005295,1012,1
2005296,1013,1
2005298,1015,1
2005299,1016,3
2005300,1017,1
2005301,1018,1
2005302,1019,1
2005303,1020,1
2005304,1021,1
2005305,1022,1
2005306,1023,1
2005308,1025,1
2005309,1026,1
2005310,1027,1
2005311,1028,1
2005312,1029,1
2005313,1030,1
2005314,1031,1
2005315,1032,1
2005316,1033,1
2005318,1035,1
2005319,1036,1
2005320,1037,1
2005321,1038,1
2005322,1039,1
2005323,1040,1
2005324,1041,1
2005325,1042,1
2005326,1043,1
2005327,1044,1
2005328,1045,1
2005329,1046,1
2005330,1047,1
2005331,1048,1
2005332,1001,1
2005333,1002,1
2005335,1004,1
2005336,1005,1
2005337,1006,1
2005338,1007,1
2005339,1008,1
2005340,1009,1
2005341,1010,2
2005343,1012,1
2005344,1013,1
2005345,1014,1
2005346,1015,1
2005347,1016,1
2005348,1017,1
2005349,1018,1
2005350,1019,1
2005351,1020,1
2005352,1021,1
2005353,1022,1
2005354,1023,1
2005355,1024,1
2005356,1025,1
2005357,1026,1
2005358,1027,1
2005359,1028,1
2005360,1029,1
2005361,1030,1
2005362,1031,1
2005363,1032,1
2005364,1033,1
2005365,1034,1
2005366,1035,1
2005367,1036,1
2005368,1037,1
2005369,1038,1
2005370,1039,1
2005371,1040,1
2005372,1041,1
2005373,1042,1
2005374,1043,1
2005375,1044,1
2005376,1045,1
2005377,1046,1
2005378,1047,1
2005379,1048,1
2005380,1001,1
2005381,1002,1
2005382,1003,1
2005383,1004,1
2005384,1005,1
2005385,1006,1
2005386,1007,1
2005387,1008,1
2005388,1009,1
2005389,1010,1
2005390,1011,1
2005391,1012,1
2005392,1013,1
2005393,1014,1
2005394,1015,1
2005395,1016,1
2005396,1017,1
2005397,1018,1
2000003,1021,1
2000004,1022,1
2000005,1023,1
2000006,1024,2
2000007,1025,1
2000009,1027,1
2000011,1029,1
2000012,1030,1
2000013,1031,1
2000071,1003,1
2000072,1004,1
2000073,1005,1
2000074,1006,1
2000079,1011,1
2000080,1012,1
2000081,1013,1
2000324,1017,1
2000334,1027,1
2000335,1028,1
2000339,1032,1
2000594,1007,1
2000595,1008,1
2000608,1035,1
2000782,1020,1
2000783,1021,1
2000785,1023,1
2000786,1024,1
2000793,1014,1
2000913,1016,1
2004087,1005,1
2004088,1006,1
2004090,1022,1
2004091,1023,1
2004093,1025,1
2004095,1027,1
2005379,1001,1
2005380,1037,1
2005381,1038,1
2005382,1039,1
2005383,1040,1
2005384,1041,1
2005385,1042,2
2005386,1043,1
2005387,1044,1
2005388,1045,1
2005389,1046,1
2005390,1032,1
2005391,1033,1
2005392,1034,1
2005393,1035,1
2005394,1048,1
2005107,1030,1
2005108,1031,1
2005109,1032,1
2005110,1033,1
2005111,1034,1
2005112,1035,1
2005114,1037,1
2005115,1038,1
2005116,1039,1
2005117,1040,1
2005118,1041,1
2005119,1042,1
2005122,1017,1
2005123,1018,1
2005124,1019,1
2005125,1020,1
2005126,1021,1
2005127,1022,1
2005128,1023,1
2005129,1024,1
2005130,1025,1
2005131,1026,1
2005132,1027,1
2005133,1028,1
2005134,1029,1
2005135,1002,1
2005398,1042,1
2005400,1044,1
2005401,1045,1
2005402,1046,2
2005403,1047,1
2005404,1048,1
2005406,1020,1
2005408,1022,1
2005409,1023,1
2005410,1024,1
2005414,1011,1
2005415,1012,1
2005416,1013,1
2005419,1016,1
2005420,1017,1
2005421,1018,1
2005423,1010,2
2005424,1011,1
2005425,1012,1
2005429,1016,1
2005430,1017,1
2005433,1006,1
2005434,1004,1
2005435,1022,1
2005441,1028,1
2005442,1029,1
2005446,1037,1
2005457,1033,1
2005462,1031,1
2005463,1032,1
2005464,1033,1
2005468,1037,1
2005469,1038,1
2005470,1039,1
2005471,1040,1
2005476,1017,1
2005477,1018,1
2005478,1019,1
2005483,1024,1
2005484,1025,1
2005490,1046,2
2005498,1024,1
2005499,1025,1
2005503,1012,1
2005504,1013,1
2005505,1014,1
2005506,1043,1
2005507,1044,1
2005508,1045,1
2005509,1046,1
2005510,1047,1
2005511,1048,1
2005512,1001,1
2005513,1002,3
2005514,1003,1
2005515,1004,1
2005516,1005,1
2005517,1006,1
2005518,1007,1
2005519,1008,1
2005520,1009,1
2005521,1010,1
2005522,1011,1
2005523,1012,1
2005524,1013,1
2005525,1014,1
2005526,1015,1
2005527,1016,1
2005528,1017,1
2005529,1018,1
2005530,1019,1
2005531,1041,1
2005532,1042,1
2005533,1043,1
2005534,1016,1
2005535,1017,1
2005536,1018,1
2005537,1019,1
2005538,1020,1
2005539,1021,1
2005540,1022,1
2005541,1023,1
2005542,1024,1
2005543,1025,1
2005544,1026,1
2005545,1042,1
2005546,1043,1
2005547,1044,1
2005548,1045,1
2005549,1046,2
2005550,1047,1
2005551,1048,1
2005552,1035,1
2005553,1020,1
2005554,1021,1
2005555,1022,1
2005556,1023,1
2005557,1024,1
2005558,1025,1
2005559,1026,1
2005560,1027,1
2005561,1011,1
2005562,1012,1
2005563,1043,1
2005564,1044,1
2005565,1045,1
2005566,1046,1
2005567,1047,1
2005568,1048,1
2005569,1001,1
2005570,1002,3
2005572,1004,1
2005573,1005,1
2005583,1015,1
2005585,1017,1
2005588,1041,1
2005589,1042,1
2005591,1016,1
2005595,1020,1
2005618,1011,1
2005619,1012,1
2005620,1043,1
2005621,1044,1
2005624,1047,1
2005625,1048,1
2005626,1001,1
2005627,1002,3
2005628,1003,1
2005629,1004,1
2005630,1005,1
2005631,1006,1
2005632,1007,1
2005633,1008,1
2005634,1009,1
2005635,1010,1
2005636,1011,1
2005637,1012,1
2005638,1013,1
2005639,1014,1
2005640,1015,1
2005641,1016,1
2005642,1017,1
2005643,1018,1
2005644,1019,1
2005645,1041,1
2005646,1042,1
2005647,1043,1
2005648,1016,1
2005649,1017,1
2005650,1018,1
2005651,1019,1
2005652,1020,1
2005653,1021,1
2005662,1045,1
2005663,1046,2
2005664,1047,1
2005665,1048,1
2005666,1035,1
2005667,1020,1
2005668,1021,1
2005669,1022,1
2005670,1023,1
2005671,1024,1
2005672,1025,1
2005673,1026,1
2005674,1027,1
2005675,1011,1
2005676,1012,1
2005677,1043,1
2005678,1044,1
2005679,1045,1
2005680,1046,1
2005681,1047,1
2005682,1048,1
2005683,1001,1
2005684,1002,3
2005685,1003,1
2005686,1004,1
2005687,1005,1
2005688,1006,1
2005689,1007,1
2005690,1008,1
2005691,1009,1
2005692,1010,1
2005693,1011,1
2005694,1012,1
2005695,1013,1
2005696,1014,1
2005697,1015,1
2005698,1016,1
2005699,1017,1
2005700,1018,1
2005701,1019,1
2005702,1041,1
2005703,1042,1
2005704,1043,1
2005705,1016,1
2005706,1017,1
2005707,1018,1
2005708,1019,1
2005709,1020,1
2005710,1021,1
2005711,1022,1
2005712,1023,1
2005713,1024,1
2005714,1025,1
2005715,1026,1
2005716,1042,1
2005717,1043,1
2005718,1044,1
2005719,1045,1
2005720,1046,2
2005721,1047,1
2005722,1048,1
2005723,1035,1
2005724,1020,1
2005725,1021,1
2005726,1022,1
2005727,1023,1
2005728,1024,1
2005729,1025,1
2005730,1026,1
2005731,1027,1
2005732,1011,1
2005733,1012,1
2005734,1043,1
2005735,1044,1
2005736,1045,1
2005737,1046,1
2005738,1047,1
2005739,1048,1
2005740,1001,1
2005741,1002,3
2005742,1003,1
2005743,1004,1
2005744,1005,1
2005745,1006,1
2005746,1007,1
2005747,1008,1
2005748,1009,1
2005749,1010,1
2005750,1011,1
2005751,1012,1
2005752,1013,1
2005753,1014,1
2005754,1015,1
2005755,1016,1
2005756,1017,1
2005757,1018,1
2005758,1019,1
2005759,1041,1
2005760,1042,1
2005761,1043,1
2005762,1016,1
2005763,1017,1
2005764,1018,1
2005765,1019,1
2005766,1020,1
2005767,1021,1
2005768,1022,1
2005769,1023,1
2005770,1024,1
2005771,1025,1
2005772,1026,1
2005773,1042,1
2005774,1043,1
2005775,1044,1
2005776,1045,1
2005777,1046,2
2005778,1047,1
2005779,1048,1
2005780,1035,1
2005781,1020,1
2005782,1021,1
2005783,1022,1
2005784,1023,1
2005785,1024,1
2005786,1025,1
2005787,1026,1
2005788,1027,1
2005789,1011,1
2005790,1012,1
2005791,1043,1
2005792,1044,1
2005793,1045,1
2005794,1046,1
2005795,1047,1
2005796,1048,1
2005797,1001,1
2005798,1002,3
2005799,1003,1
2005800,1004,1
2005801,1005,1
2005802,1006,1
2005803,1007,1
2005804,1008,1
2005805,1009,1
2005806,1010,1
2005807,1011,1
2005808,1012,1
2005809,1013,1
2005810,1014,1
2005811,1015,1
2005812,1016,1
2005813,1017,1
2005814,1018,1
2005815,1019,1
2005816,1035,1
2005817,1020,1
2005818,1021,1
2005819,1023,1
2005820,1024,1
2005821,1014,1
2005822,1016,1
2005823,1005,1
2005824,1006,1
2005825,1022,1
2005826,1023,1
2005827,1025,1
2005827,1023,1
2005828,1027,1
2005829,1001,1
2005830,1037,1
2005831,1038,1
2005832,1039,1
2005833,1040,1
2005834,1041,1
2005835,1042,2
2005836,1043,1
2005837,1044,1
2005838,1045,1
2005839,1046,1
2005840,1032,1
2005841,1033,1
2005842,1034,1
2005843,1035,1
2005844,1048,1
2005845,1030,1
2005846,1031,1
2005847,1032,1
2005848,1033,1
2005849,1034,1
2005850,1042,1
2005850,1035,1
2005851,1037,1
2005852,1038,1
2005853,1039,1
2005854,1040,1
2005855,1041,1
2005856,1042,1
2005857,1017,1
2005858,1018,1
2005859,1019,1
2005860,1020,1
2005861,1021,1
2005862,1022,1
2005863,1023,1
2005864,1024,1
2005865,1025,1
2005866,1029,1
2005866,1026,1
2005867,1027,1
2005868,1028,1
2005869,1029,1
2005870,1002,1
2005871,1042,1
2005872,1044,1
2005873,1045,1
2005874,1046,2
2005875,1047,1
2005876,1048,1
2005877,1020,1
2005878,1022,1
2005879,1023,1
2005880,1024,1
2005881,1011,1
2005882,1012,1
2005883,1013,1
2005884,1016,1
2005885,1017,1
2005886,1018,1
2005887,1010,2
2005888,1011,1
2005889,1012,1
2005890,1016,1
2005891,1017,1
2005892,1006,1
2005893,1004,1
2005894,1022,1
2005895,1028,1
2005896,1029,1
2005897,1037,1
2005898,1033,1
2005899,1031,1
2005900,1032,1
2005901,1033,1
2005902,1037,1
2005903,1038,1
2005904,1039,1
2005905,1040,1
2005906,1017,1
2005907,1018,1
2005908,1019,1
2005909,1024,1
2005910,1025,1
2005911,1046,2
2005912,1024,1
2005913,1025,1
2005914,1012,1
2005915,1013,1
2005916,1014,1
2005917,1043,1
2005918,1044,1
2005919,1045,1
2005920,1046,1
2005921,1047,1
2005922,1048,1
2005923,1001,1
2005924,1002,3
2005925,1003,1
2005926,1004,1
2005927,1005,1
2005928,1006,1
2005929,1007,1
2005930,1008,1
2005931,1009,1
2005932,1010,1
2005933,1011,1
2005934,1012,1
2005935,1013,1
2005936,1014,1
2005937,1015,1
2005938,1016,1
2005939,1017,1
2005940,1018,1
2005941,1019,1
2005942,1041,1
2005943,1042,1
2005944,1043,1
2005945,1016,1
2005946,1017,1
2005947,1018,1
2005948,1019,1
2005949,1020,1
2005950,1021,1
2005951,1022,1
2005952,1023,1
2005953,1024,1
2005954,1025,1
2005955,1026,1
2005956,1042,1
2005957,1043,1
2005958,1044,1
2005959,1045,1
2005960,1046,2
2005961,1047,1
2005962,1048,1
2005963,1035,1
2005964,1020,1
2005965,1021,1
2005966,1022,1
2005967,1023,1
2005968,1024,1
2005969,1025,1
2005970,1026,1
2005971,1027,1
2005972,1011,1
2005973,1012,1
2005974,1043,1
2005975,1044,1
2005976,1045,1
2005977,1046,1
2005978,1047,1
2005979,1048,1
2005980,1001,1
2005981,1002,3
2005982,1004,1
2005983,1005,1
2005984,1015,1
2005985,1017,1
2005986,1041,1
2005987,1042,1
2005988,1016,1
2005989,1020,1
2005990,1011,1
2005991,1012,1
2005992,1043,1
2005993,1044,1
2005994,1047,1
2005995,1048,1
2005996,1001,1
2005997,1002,3
2005998,1003,1
2005999,1004,1
2006000,1005,1
2006001,1006,1
2006002,1007,1
2006003,1008,1
2006004,1009,1
2006005,1010,1
2006006,1011,1
2006007,1012,1
2006008,1013,1
2006009,1014,1
2006010,1015,1
2006011,1016,1
2006012,1017,1
2006013,1018,1
2006014,1019,1
2006015,1041,1
2006016,1042,1
2006017,1043,1
2006018,1016,1
2006019,1017,1
2006020,1018,1
2006021,1019,1
2006022,1020,1
2006023,1021,1
2006024,1045,1
2006025,1046,2
2006026,1047,1
2006027,1048,1
2006028,1035,1
2006029,1020,1
2006030,1021,1
2006031,1022,1
2006032,1023,1
2006033,1024,1
2006034,1025,1
2006035,1026,1
2006036,1027,1
2006037,1011,1
2006038,1012,1
2006039,1043,1
2006040,1044,1
2006041,1045,1
2006042,1046,1
2006043,1047,1
2006044,1048,1
2006045,1001,1
2006046,1002,3
2006047,1003,1
2006048,1004,1
2006049,1005,1
2006050,1006,1
2006051,1007,1
2006052,1008,1
2006053,1009,1
2006054,1010,1
2006055,1011,1
2006056,1012,1
2006057,1013,1
2006058,1014,1
2006059,1015,1
2006060,1016,1
2006061,1017,1
2006062,1018,1
2006063,1019,1
2006064,1041,1
2006065,1042,1
2006066,1043,1
2006067,1016,1
2006068,1017,1
2006069,1018,1
2006070,1019,1
2006071,1020,1
2006072,1021,1
2006073,1022,1
2006074,1023,1
2006075,1024,1
2006076,1025,1
2006077,1026,1
2006078,1042,1
2006079,1043,1
2006080,1044,1
2006081,1045,1
2006082,1046,2
2006083,1047,1
2006084,1048,1
2006085,1035,1
2006086,1020,1
2006087,1021,1
2006088,1022,1
2006089,1023,1
2006090,1024,1
2006091,1025,1
2006092,1026,1
2006093,1027,1
2006094,1011,1
2006095,1012,1
2006096,1043,1
2006097,1044,1
2006098,1045,1
2006099,1046,1
2006100,1047,1
2006101,1048,1
2006102,1001,1
2006103,1002,3
2006104,1003,1
2006105,1004,1
2006106,1005,1
2006107,1006,1
2006108,1007,1
2006109,1008,1
2006110,1009,1
2006111,1010,1
2006112,1011,1
2006113,1012,1
2006114,1013,1
2006115,1014,1
2006116,1015,1
2006117,1016,1
2006118,1017,1
2006119,1018,1
2006120,1019,1
2006121,1041,1
2006122,1042,1
2006123,1043,1
2006124,1016,1
2006125,1017,1
2006126,1018,1
2006127,1019,1
2006128,1020,1
2006129,1021,1
2006130,1022,1
2006131,1023,1
2006132,1035,1
2006133,1020,1
2006134,1021,1
2006135,1023,1
2006136,1024,1
2006137,1014,1
2006138,1016,1
2006139,1005,1
2006140,1006,1
2006141,1022,1
2006142,1023,1
2006143,1025,1
2006144,1027,1
2006145,1001,1
2006146,1037,1
2006147,1038,1
2006148,1039,1
2006149,1040,1
2006150,1041,1
2006151,1042,2
2006152,1043,1
2006153,1044,1
2006154,1045,1
2006155,1046,1
2006156,1032,1
2006157,1033,1
2006158,1034,1
2006159,1035,1
2006160,1048,1
2006161,1030,1
2006162,1031,1
2006163,1032,1
2006164,1033,1
2006165,1034,1
2006166,1035,1
2006167,1037,1
2006168,1038,1
2006169,1039,1
2006170,1040,1
2006171,1041,1
2006172,1042,1
2006173,1017,1
2006174,1018,1
2006175,1019,1
2006176,1020,1
2006177,1021,1
2006178,1022,1
2006179,1023,1
2006180,1024,1
2006181,1025,1
2006182,1026,1
2006183,1027,1
2006184,1028,1
2006185,1029,1
2006186,1002,1
2006187,1042,1
2006188,1044,1
2006189,1045,1
2006190,1046,2
2006191,1047,1
2006192,1048,1
2006193,1020,1
2006194,1022,1
2006195,1023,1
2006196,1024,1
2006197,1011,1
2006198,1012,1
2006199,1013,1
2006200,1016,1
2006201,1017,1
2006202,1018,1
2006203,1010,2
2006204,1011,1
2006205,1012,1
2006206,1016,1
2006207,1017,1
2006208,1006,1
2006209,1004,1
2006210,1022,1
2006211,1028,1
2006212,1029,1
2006213,1037,1
2006214,1033,1
2006215,1031,1
2006216,1032,1
2006217,1033,1
2006218,1037,1
2006219,1038,1
2006220,1039,1
2006221,1040,1
2006222,1017,1
2006223,1018,1
2006224,1019,1
2006225,1024,1
2006226,1025,1
2006227,1046,2
2006228,1024,1
2006229,1025,1
2006230,1012,1
2006231,1013,1
2006232,1014,1
2006233,1043,1
2006234,1044,1
2006235,1045,1
2006236,1046,1
2006237,1047,1
2006238,1048,1
2006239,1001,1
2006240,1002,3
2006241,1003,1
2006242,1004,1
2006243,1005,1
2006244,1006,1
2006245,1007,1
2006246,1008,1
2006247,1009,1
2006248,1010,1
2006249,1011,1
2006250,1012,1
2006251,1013,1
2006252,1014,1
2006253,1015,1
2006254,1016,1
2006255,1017,1
2006256,1018,1
2006257,1019,1
2006258,1041,1
2006259,1042,1
2006260,1043,1
2006261,1016,1
2006262,1017,1
2006263,1018,1
2006264,1019,1
2006265,1020,1
2006266,1021,1
2006267,1022,1
2006268,1023,1
2006269,1024,1
2006270,1025,1
2006271,1026,1
2006272,1042,1
2006273,1043,1
2006274,1044,1
2006275,1045,1
2006276,1046,2
2006277,1047,1
2006278,1048,1
2006279,1035,1
2006280,1020,1
2006281,1021,1
2006282,1022,1
2006283,1023,1
2006284,1024,1
2006285,1025,1
2006286,1026,1
2006287,1027,1
2006288,1011,1
2006289,1012,1
2006290,1043,1
2006291,1044,1
2006292,1045,1
2006293,1046,1
2006294,1047,1
2006295,1048,1
2006296,1001,1
2006297,1002,3
2006298,1004,1
2006299,1005,1
2006300,1015,1
2006301,1017,1
2006302,1041,1
2006303,1042,1
2006304,1016,1
2006305,1020,1
2006306,1011,1
2006307,1012,1
2006308,1043,1
2006309,1044,1
2006310,1047,1
2006311,1048,1
2006312,1001,1
2006313,1002,3
2006314,1003,1
2006315,1004,1
2006316,1005,1
2006317,1006,1
2006318,1007,1
2006319,1008,1
2006320,1009,1
2006321,1010,1
2006322,1011,1
2006323,1012,1
2006324,1013,1
2006325,1014,1
2006326,1015,1
2006327,1016,1
2006328,1017,1
2006329,1018,1
2006330,1019,1
2006331,1041,1
2006332,1042,1
2006333,1043,1
2006334,1016,1
2006335,1017,1
2006336,1018,1
2006337,1019,1
2006338,1020,1
2006339,1021,1
2006340,1045,1
2006341,1046,2
2006342,1047,1
2006343,1048,1
2006344,1035,1
2006345,1020,1
2006346,1021,1
2006347,1022,1
2006348,1023,1
2006349,1024,1
2006350,1025,1
2006351,1026,1
2006352,1027,1
2006353,1011,1
2006354,1012,1
2006355,1043,1
2006356,1044,1
2006357,1045,1
2006358,1046,1
2006359,1047,1
2006360,1048,1
2006361,1001,1
2006362,1002,3
2006363,1003,1
2006364,1004,1
2006365,1005,1
2006366,1006,1
2006367,1007,1
2006368,1008,1
2006369,1009,1
2006370,1010,1
2006371,1011,1
2006372,1012,1
2006373,1013,1
2006374,1014,1
2006375,1015,1
2006376,1016,1
2006377,1017,1
2006378,1018,1
2006379,1019,1
2006380,1041,1
2006381,1042,1
2006382,1043,1
2006383,1016,1
2006384,1017,1
2006385,1018,1
2006386,1019,1
2006387,1020,1
2006388,1021,1
2006389,1022,1
2006390,1023,1
2006391,1024,1
2006392,1025,1
2006393,1026,1
2006394,1042,1
2006395,1043,1
2006396,1044,1
2006397,1045,1
2006398,1046,2
2006399,1047,1
2006400,1048,1
2006401,1035,1
2006402,1020,1
2006403,1021,1
2006404,1022,1
2006405,1023,1
2006406,1024,1
2006407,1025,1
2006408,1026,1
2006409,1027,1
2006410,1011,1
2006411,1012,1
2006412,1043,1
2006413,1044,1
2006414,1045,1
2006415,1046,1
2006416,1047,1
2006417,1048,1
2006418,1001,1
2006419,1002,3
2006420,1003,1
2006421,1004,1
2006422,1005,1
2006423,1006,1
2006424,1007,1
2006425,1008,1
2006426,1009,1
2006427,1010,1
2006428,1011,1
2006429,1012,1
2006430,1013,1
2006431,1014,1
2006432,1015,1
2006433,1016,1
2006434,1017,1
2006435,1018,1
2006436,1019,1
2006437,1041,1
2006438,1042,1
2006439,1043,1
2006440,1016,1
2006441,1017,1
2006442,1018,1
2006443,1019,1
2006444,1020,1
2006445,1021,1
2006446,1022,1
2006447,1023,1
2006448,1024,1
2006449,1025,1
2006450,1026,1
2006451,1035,1
2006452,1020,1
2006453,1021,1
2006454,1023,1
2006455,1024,1
2006456,1014,1
2006457,1016,1
2006458,1005,1
2006459,1006,1
2006460,1022,1
2006461,1023,1
2006462,1025,1
2006463,1027,1
2006464,1001,1
2006465,1037,1
2006466,1038,1
2006467,1039,1
2006468,1040,1
2006469,1041,1
2006470,1042,2
2006471,1043,1
2006472,1044,1
2006473,1045,1
2006474,1046,1
2006475,1032,1
2006476,1033,1
2006477,1034,1
2006478,1035,1
2006479,1048,1
2006480,1030,1
2006481,1031,1
2006482,1032,1
2006483,1033,1
2006484,1034,1
2006485,1035,1
2006486,1037,1
2006487,1038,1
2006488,1039,1
2006489,1040,1
2006490,1041,1
2006491,1042,1
2006492,1017,1
2006493,1018,1
2006494,1019,1
2006495,1020,1
2006496,1021,1
2006497,1022,1
2006498,1023,1
2006499,1024,1
2006500,1025,1
2006501,1026,1
2006502,1027,1
2006503,1028,1
2006504,1029,1
2006505,1002,1
2006506,1042,1
2006507,1044,1
2006508,1045,1
2006509,1046,2
2006510,1047,1
2006511,1048,1
2006512,1020,1
2006513,1022,1
2006514,1023,1
2006515,1024,1
2006516,1011,1
2006517,1012,1
2006518,1013,1
2006519,1016,1
2006520,1017,1
2006521,1018,1
2006522,1010,2
2006523,1011,1
2006524,1012,1
2006525,1016,1
2006526,1017,1
2006527,1006,1
2006528,1004,1
2006529,1022,1
2006530,1028,1
2006531,1029,1
2006532,1037,1
2006533,1033,1
2006534,1031,1
2006535,1032,1
2006536,1033,1
2006537,1037,1
2006538,1038,1
2006539,1039,1
2006540,1040,1
2006541,1017,1
2006542,1018,1
2006543,1019,1
2006544,1024,1
2006545,1025,1
2006546,1046,2
2006547,1024,1
2006548,1025,1
2006549,1012,1
2006550,1013,1
2006551,1014,1
2006552,1043,1
2006553,1044,1
2006554,1045,1
2006555,1046,1
2006556,1047,1
2006557,1048,1
2006558,1001,1
2006559,1002,3
2006560,1003,1
2006561,1004,1
2006562,1005,1
2006563,1006,1
2006564,1007,1
2006565,1008,1
2006566,1009,1
2006567,1010,1
2006568,1011,1
2006569,1012,1
2006570,1013,1
2006571,1014,1
2006572,1015,1
2006573,1016,1
2006574,1017,1
2006575,1018,1
2006576,1019,1
2006577,1041,1
2006578,1042,1
2006579,1043,1
2006580,1016,1
2006581,1017,1
2006582,1018,1
2006583,1019,1
2006584,1020,1
2006585,1021,1
2006586,1022,1
2006587,1023,1
2006588,1024,1
2006589,1025,1
2006590,1026,1
2006591,1042,1
2006592,1043,1
2006593,1044,1
2006594,1045,1
2006595,1046,2
2006596,1047,1
2006597,1048,1
2006598,1035,1
2006599,1020,1
2006600,1021,1
2006601,1022,1
2006602,1023,1
2006603,1024,1
2006604,1025,1
2006605,1026,1
2006606,1027,1
2006607,1011,1
2006608,1012,1
2006609,1043,1
2006610,1044,1
2006611,1045,1
2006612,1046,1
2006613,1047,1
2006614,1048,1
2006615,1001,1
2006616,1002,3
2006617,1004,1
2006618,1005,1
2006619,1015,1
2006620,1017,1
2006621,1041,1
2006622,1042,1
2006623,1016,1
2006624,1020,1
2006625,1011,1
2006626,1012,1
2006627,1043,1
2006628,1044,1
2006629,1047,1
2006630,1048,1
2006631,1001,1
2006632,1002,3
2006633,1003,1
2006634,1004,1
2006635,1005,1
2006636,1006,1
2006637,1007,1
2006638,1008,1
2006639,1009,1
2006640,1010,1
2006641,1011,1
2006642,1012,1
2006643,1013,1
2006644,1014,1
2006645,1015,1
2006646,1016,1
2006647,1017,1
2006648,1018,1
2006649,1019,1
2006650,1041,1
2006651,1042,1
2006652,1043,1
2006653,1016,1
2006654,1017,1
2006655,1018,1
2006656,1019,1
2006657,1020,1
2006658,1021,1
2006659,1045,1
2006660,1046,2
2006661,1047,1
2006662,1048,1
2006663,1035,1
2006664,1020,1
2006665,1021,1
2006666,1022,1
2006667,1023,1
2006668,1024,1
2006669,1025,1
2006670,1026,1
2006671,1027,1
2006672,1011,1
2006673,1012,1
2006674,1043,1
2006675,1044,1
2006676,1045,1
2006677,1046,1
2006678,1047,1
2006679,1048,1
2006680,1001,1
2006681,1002,3
2006682,1003,1
2006683,1004,1
2006684,1005,1
2006685,1006,1
2006686,1007,1
2006687,1008,1
2006688,1009,1
2006689,1010,1
2006690,1011,1
2006691,1012,1
2006692,1013,1
2006693,1014,1
2006694,1015,1
2006695,1016,1
2006696,1017,1
2006697,1018,1
2006698,1019,1
2006699,1041,1
2006700,1042,1
2006701,1043,1
2006702,1016,1
2006703,1017,1
2006704,1018,1
2006705,1019,1
2006706,1020,1
2006707,1021,1
2006708,1022,1
2006709,1023,1
2006710,1024,1
2006711,1025,1
2006712,1026,1
2006713,1042,1
2006714,1043,1
2006715,1044,1
2006716,1045,1
2006717,1046,2
2006718,1047,1
2006719,1048,1
2006720,1035,1
2006721,1020,1
2006722,1021,1
2006723,1022,1
2006724,1023,1
2006725,1024,1
2006726,1025,1
2006727,1026,1
2006728,1027,1
2006729,1011,1
2006730,1012,1
2006731,1043,1
2006732,1044,1
2006733,1045,1
2006734,1046,1
2006735,1047,1
2006736,1048,1
2006737,1001,1
2006738,1002,3
2006739,1003,1
2006740,1004,1
2006741,1005,1
2006742,1006,1
2006743,1007,1
2006744,1008,1
2006745,1009,1
2006746,1010,1
2006747,1011,1
2006748,1012,1
2006749,1013,1
2006750,1014,1
2006751,1015,1
2006752,1016,1
2006753,1017,1
2006754,1018,1
2006755,1019,1
2006756,1041,1
2006757,1042,1
2006758,1043,1
2006759,1016,1
2006760,1017,1
2006761,1018,1
2006762,1019,1
2006763,1020,1
2006764,1021,1
2006765,1022,1
2006766,1023,1
2006767,1035,1
2006768,1020,1
2006769,1021,1
2006770,1023,1
2006771,1024,1
2006772,1014,1
2006773,1016,1
2006774,1005,1
2006775,1006,1
2006776,1022,1
2006777,1023,1
2006778,1025,1
2006779,1027,1
2006780,1001,1
2006781,1037,1
2006782,1038,1
2006783,1039,1
2006784,1040,1
2006785,1041,1
2006786,1042,2
2006787,1043,1
2006788,1044,1
2006789,1045,1
2006790,1046,1
2006791,1032,1
2006792,1033,1
2006793,1034,1
2006794,1035,1
2006795,1048,1
2006796,1030,1
2006797,1031,1
2006798,1032,1
2006799,1033,1
2006800,1034,1
2006801,1035,1
2006802,1037,1
2006803,1038,1
2006804,1039,1
2006805,1040,1
2006806,1041,1
2006807,1042,1
2006808,1017,1
2006809,1018,1
2006810,1019,1
2006811,1020,1
2006812,1021,1
2006813,1022,1
2006814,1023,1
2006815,1024,1
2006816,1025,1
2006817,1026,1
2006818,1027,1
2006819,1028,1
2006820,1029,1
2006821,1002,1
2006822,1042,1
2006823,1044,1
2006824,1045,1
2006825,1046,2
2006826,1047,1
2006827,1048,1
2006828,1020,1
2006829,1022,1
2006830,1023,1
2006831,1024,1
2006832,1011,1
2006833,1012,1
2006834,1013,1
2006835,1016,1
2006836,1017,1
2006837,1018,1
2006838,1010,2
2006839,1011,1
2006840,1012,1
2006841,1016,1
2006842,1017,1
2006843,1006,1
2006844,1004,1
2006845,1022,1
2006846,1028,1
2006847,1029,1
2006848,1037,1
2006849,1033,1
2006850,1031,1
2006851,1032,1
2006852,1033,1
2006853,1037,1
2006854,1038,1
2006855,1039,1
2006856,1040,1
2006857,1017,1
2006858,1018,1
2006859,1019,1
2006860,1024,1
2006861,1025,1
2006862,1046,2
2006863,1024,1
2006864,1025,1
2006865,1012,1
2006866,1013,1
2006867,1014,1
2006868,1043,1
2006869,1044,1
2006870,1045,1
2006871,1046,1
2006872,1047,1
2006873,1048,1
2006874,1001,1
2006875,1002,3
2006876,1003,1
2006877,1004,1
2006878,1005,1
2006879,1006,1
2006880,1007,1
2006881,1008,1
2006882,1009,1
2006883,1010,1
2006884,1011,1
2006885,1012,1
2006886,1013,1
2006887,1014,1
2006888,1015,1
2006889,1016,1
2006890,1017,1
2006891,1018,1
2006892,1019,1
2006893,1041,1
2006894,1042,1
2006895,1043,1
2006896,1016,1
2006897,1017,1
2006898,1018,1
2006899,1019,1
2006900,1020,1
2006901,1021,1
2006902,1022,1
2006903,1023,1
2006904,1024,1
2006905,1025,1
2006906,1026,1
2006907,1042,1
2006908,1043,1
2006909,1044,1
2006910,1045,1
2006911,1046,2
2006912,1047,1
2006913,1048,1
2006914,1035,1
2006915,1020,1
2006916,1021,1
2006917,1022,1
2006918,1023,1
2006919,1024,1
2006920,1025,1
2006921,1026,1
2006922,1027,1
2006923,1011,1
2006924,1012,1
2006925,1043,1
2006926,1044,1
2006927,1045,1
2006928,1046,1
2006929,1047,1
2006930,1048,1
2006931,1001,1
2006932,1002,3
2006933,1004,1
2006934,1005,1
2006935,1015,1
2006936,1017,1
2006937,1041,1
2006938,1042,1
2006939,1016,1
2006940,1020,1
2006941,1011,1
2006942,1012,1
2006943,1043,1
2006944,1044,1
2006945,1047,1
2006946,1048,1
2006947,1001,1
2006948,1002,3
2006949,1003,1
2006950,1004,1
2006951,1005,1
2006952,1006,1
2006953,1007,1
2006954,1008,1
2006955,1009,1
2006956,1010,1
2006957,1011,1
2006958,1012,1
2006959,1013,1
2006960,1014,1
2006961,1015,1
2006962,1016,1
2006963,1017,1
2006964,1018,1
2006965,1019,1
2006966,1041,1
2006967,1042,1
2006968,1043,1
2006969,1016,1
2006970,1017,1
2006971,1018,1
2006972,1019,1
2006973,1020,1
2006974,1021,1
2006975,1045,1
2006976,1046,2
2006977,1047,1
2006978,1048,1
2006979,1035,1
2006980,1020,1
2006981,1021,1
2006982,1022,1
2006983,1023,1
2006984,1024,1
2006985,1025,1
2006986,1026,1
2006987,1027,1
2006988,1011,1
2006989,1012,1
2006990,1043,1
2006991,1044,1
2006992,1045,1
2006993,1046,1
2006994,1047,1
2006995,1048,1
2006996,1001,1
2006997,1002,3
2006998,1003,1
2006999,1004,1
2007000,1005,1
2007001,1006,1
2007002,1007,1
2007003,1008,1
2007004,1009,1
2007005,1010,1
2007006,1011,1
2007007,1012,1
2007008,1013,1
2007009,1014,1
2007010,1015,1
2007011,1016,1
2007012,1017,1
2007013,1018,1
2007014,1019,1
2007015,1041,1
2007016,1042,1
2007017,1043,1
2007018,1016,1
2007019,1017,1
2007020,1018,1
2007021,1019,1
2007022,1020,1
2007023,1021,1
2007024,1022,1
2007025,1023,1
2007026,1024,1
2007027,1025,1
2007028,1026,1
2007029,1042,1
2007030,1043,1
2007031,1044,1
2007032,1045,1
2007033,1046,2
2007034,1047,1
2007035,1048,1
2007036,1035,1
2007037,1020,1
2007038,1021,1
2007039,1022,1
2007040,1023,1
2007041,1024,1
2007042,1025,1
2007043,1026,1
2007044,1027,1
2007045,1011,1
2007046,1012,1
2007047,1043,1
2007048,1044,1
2007049,1045,1
2007050,1046,1
2007051,1047,1
2007052,1048,1
2007053,1001,1
2007054,1002,3
2007055,1003,1
2007056,1004,1
2007057,1005,1
2007058,1006,1
2007059,1007,1
2007060,1008,1
2007061,1009,1
2007062,1010,1
2007063,1011,1
2007064,1012,1
2007065,1013,1
2007066,1014,1
2007067,1015,1
2007068,1016,1
2007069,1017,1
2007070,1018,1
2007071,1019,1
2007072,1041,1
2007073,1042,1
2007074,1043,1
2007075,1016,1
2007076,1017,1
2007077,1018,1
2007078,1019,1
2007079,1020,1
2007080,1021,1
2007081,1022,1
2007082,1023,1
2007083,1024,1
2007084,1025,1
2007085,1026,1
2007086,1035,1
2007087,1020,1
2007088,1021,1
2007089,1023,1
2007090,1024,1
2007091,1014,1
2007092,1016,1
2007093,1005,1
2007094,1006,1
2007095,1022,1
2007096,1023,1
2007097,1025,1
2007098,1027,1
2007099,1001,1
2007100,1037,1
2007101,1038,1
2007102,1039,1
2007103,1040,1
2007104,1041,1
2007105,1042,2
2007106,1043,1
2007107,1044,1
2007108,1045,1
2007109,1046,1
2007110,1032,1
2007111,1033,1
2007112,1034,1
2007113,1035,1
2007114,1048,1
2007115,1030,1
2007116,1031,1
2007117,1032,1
2007118,1033,1
2007119,1034,1
2007120,1035,1
2007121,1037,1
2007122,1038,1
2007123,1039,1
2007124,1040,1
2007125,1041,1
2007126,1042,1
2007127,1017,1
2007128,1018,1
2007129,1019,1
2007130,1020,1
2007131,1021,1
2007132,1022,1
2007133,1023,1
2007134,1024,1
2007135,1025,1
2007136,1026,1
2007137,1027,1
2007138,1028,1
2007139,1029,1
2007140,1002,1
2007141,1042,1
2007142,1044,1
2007143,1045,1
2007144,1046,2
2007145,1047,1
2007146,1048,1
2007147,1020,1
2007148,1022,1
2007149,1023,1
2007150,1024,1
2007151,1011,1
2007152,1012,1
2007153,1013,1
2007154,1016,1
2007155,1017,1
2007156,1018,1
2007157,1010,2
2007158,1011,1
2007159,1012,1
2007160,1016,1
2007161,1017,1
2007162,1006,1
2007163,1004,1
2007164,1022,1
2007165,1028,1
2007166,1029,1
2007167,1037,1
2007168,1033,1
2007169,1031,1
2007170,1032,1
2007171,1033,1
2007172,1037,1
2007173,1038,1
2007174,1039,1
2007175,1040,1
2007176,1017,1
2007177,1018,1
2007178,1019,1
2007179,1024,1
2007180,1025,1
2007181,1046,2
2007182,1024,1
2007183,1025,1
2007184,1012,1
2007185,1013,1
2007186,1014,1
2007187,1043,1
2007188,1044,1
2007189,1013,1
2007189,1045,1
2007190,1046,1
2007191,1047,1
2007192,1048,1
2007193,1001,1
2007194,1002,3
2007195,1003,1
2007196,1004,1
2007197,1005,1
2007198,1006,1
2007199,1007,1
2007199,1006,1
